date,time,X,Y,F_mean,F_std,Sensor R1_mean,Sensor R2_mean,Sensor R3_mean,Sensor R4_mean,Sensor R5_mean,Sensor R6_mean,Sensor R7_mean,Sensor R8_mean,Sensor R1_std,Sensor R2_std,Sensor R3_std,Sensor R4_std,Sensor R5_std,Sensor R6_std,Sensor R7_std,Sensor R8_std
2026-04-10,09:57:17.184,0.0,280.0,9.841907815261159,0.10167838202316695,2.531840042372881,2.638453919491526,2.4417664194915254,2.5718797669491527,2.437365466101695,2.346800847457627,2.45853125,2.549296080508475,0.0036119866356109265,0.006326119767386238,0.002739349173811354,0.004649646998712568,0.004212859801426835,0.005056493279122965,0.0014755746600326853,0.0038971221995767248
2026-04-10,09:57:37.246,-40.0,240.0,9.947928153653177,0.1547149231288677,2.1274148936170207,2.6958946808510644,2.426770212765957,2.5749265957446803,2.5119776595744683,2.4326058510638298,2.427136170212766,2.536599468085106,0.024065429241198925,0.006482059808905603,0.0031767717384374805,0.005517952818270797,0.005197678067018554,0.004293166925989944,0.0023939074291914617,0.0031680355403864596
2026-04-10,09:57:55.459,0.0,240.0,10.077481210307633,0.11623867582712023,2.451064618644067,2.6566366525423732,2.4364152542372883,2.575552436440678,2.4490121822033903,2.3436440677966104,2.457094809322034,2.658603813559322,0.0037839470893376195,0.0089042396599399,0.0030841774888648896,0.004036261996820489,0.00399361214048966,0.005066693103383925,0.001810932860105923,0.003300187185110181
2026-04-10,09:58:05.885,40.0,240.0,9.91531230416968,0.1270496358239531,2.1511302742616034,2.424878691983122,2.417364978902954,2.5593570675105477,2.414338080168776,2.360815400843882,2.4427426160337555,2.6748960970464135,0.017772827290661507,0.012598720908975507,0.0027258901498885602,0.0045449809044266105,0.0038121547787129603,0.005592711609904489,0.0014856285206992482,0.00470487986850673
2026-04-10,09:58:19.899,-80.0,200.0,9.74897712416492,0.1143252887088888,1.8010418432203386,2.7065905720338983,2.403920021186441,2.5822192796610173,2.4247643008474578,2.4885042372881356,2.3961996822033895,2.6513972457627117,0.01728001977316616,0.003656053951878768,0.002820884226151029,0.0045143349959532245,0.00434819201159058,0.004720959178211383,0.001929277221696744,0.004155196720620843
2026-04-10,09:58:29.531,-40.0,200.0,9.757517668627628,0.09942329533862275,1.4053048523206755,2.7762289029535863,2.4231545358649798,2.5806983122362874,2.5276555907173,2.436179852320676,2.4217072784810125,2.667069620253164,0.0694023254443819,0.008982347788427568,0.0028413431697363245,0.0041820823225156055,0.005425231417918797,0.00525715532880532,0.0014254809975397897,0.005343220502751529
2026-04-10,09:58:47.481,0.0,200.0,10.067891028621363,0.16753309950702022,3.050808262711865,2.76866313559322,2.4351949152542374,2.5577129237288143,2.4232600635593227,2.3319920550847453,2.4455063559322032,2.7294152542372885,0.0058269806001078625,0.011837485441019988,0.0028907793933977037,0.006439804576012666,0.004425431715053846,0.0063427547677311295,0.00209606720734787,0.003593775565713514
2026-04-10,09:58:57.241,40.0,200.0,9.864344790865953,0.16076520323626134,2.311721927966102,2.180114936440678,2.3632123940677965,2.52069968220339,2.4057611228813554,2.349774894067796,2.4200365466101688,2.750499470338984,0.010224341002297022,0.021313041257508665,0.0028069700794475655,0.005106303474572268,0.004201911478587221,0.0061932467739615445,0.0018790709033168025,0.002884231170352927
2026-04-10,09:59:06.328,80.0,200.0,9.841475660461755,0.16657875871392022,2.7010611814346,2.771162447257384,2.498141877637131,2.518335443037975,2.4797716244725745,2.40601635021097,2.3923971518987344,2.707863396624473,0.007242945533180352,0.016028545643492775,0.008904430163562961,0.004440336912028735,0.004692031263982123,0.0049449430836947875,0.0025408912789993024,0.0035537609131030836
2026-04-10,09:59:19.880,-120.0,160.0,9.756047244531363,0.10719405327532018,2.2192095744680853,2.4974015957446807,2.3819968085106384,2.5598159574468085,2.3247244680851065,2.5119063829787236,2.396630319148936,2.561710638297872,0.010376315032260212,0.003168572419403272,0.003023839750329433,0.004034843011301521,0.004637470219442434,0.0049960369083402135,0.0022842193145290336,0.008386708621829516
2026-04-10,10:00:33.057,-80.0,160.0,9.92068729056202,0.16736340122550314,1.7878897679324894,2.5425537974683547,2.3984767932489444,2.5716329113924052,2.5371893459915613,2.491833333333333,2.3267953586497887,2.639235759493671,0.016065855971926973,0.005129854532066431,0.003016041753724186,0.003961277918478179,0.004554979411750533,0.005129176970961084,0.0018315966778626959,0.004698686890493911
2026-04-10,10:00:40.899,-40.0,160.0,9.930356152040982,0.1616814225821641,1.842291843220339,2.6816816737288134,2.4165270127118643,2.58215095338983,2.5389348516949153,2.4488072033898303,2.357496822033898,2.304833686440678,0.050061934995360054,0.009648518781525254,0.0030056662019650507,0.004323385198931038,0.006195797242790362,0.005285497027859697,0.010014012453008326,0.005236540836000827
2026-04-10,10:00:48.433,0.0,160.0,10.015427047353688,0.19911951242295256,3.1672060381355935,2.7491896186440683,2.4277494703389833,2.570251059322034,2.420597457627119,2.3460169491525424,2.351939088983051,2.234716631355932,0.04720033836557548,0.02404950112820607,0.002824480084744831,0.0032187009730802996,0.006645697115164809,0.005295777900713516,0.004775432041476454,0.004040202680416817
2026-04-10,10:00:57.776,40.0,160.0,9.960277103550435,0.1631023911995975,2.431257978723405,2.299228723404256,2.443718617021276,2.5226228723404254,2.4081579787234046,2.3168734042553196,2.3167585106382975,2.276576063829787,0.00734169835557334,0.01684242757013995,0.002927358424021413,0.0050106663616686815,0.004270598101962251,0.006011452731491825,0.003191858312007167,0.004705276456048128
2026-04-10,10:01:36.093,40.0,160.0,9.91640495906353,0.1758673491732655,2.67441313559322,2.2939422669491525,2.375976165254237,2.5133675847457635,2.3874851694915256,2.3111329449152542,2.2876636652542364,2.29785593220339,0.009875958820574487,0.018907776599628272,0.004319046090223023,0.004919177071914772,0.004570384975820401,0.0071106663667457465,0.0015930367607171184,0.0033984444316077387
2026-04-10,10:01:51.292,80.0,160.0,9.828992024566666,0.1328782639312533,2.9071478723404254,2.7289276595744676,2.324803723404255,2.4831026595744676,2.4723734042553187,2.4109851063829786,2.265782446808511,2.288175531914894,0.005450424124106221,0.004824439759235608,0.003658071731914966,0.004517022278790432,0.004265124540645432,0.005560574695670369,0.0019787966126928735,0.004330929981458988
2026-04-10,10:02:00.956,120.0,160.0,10.10717306145831,0.15891886366200342,2.9846917372881356,2.736962923728814,2.6530180084745765,2.479590572033898,2.5288379237288137,2.441896186440678,2.2501594279661012,2.253994703389831,0.006181000099989249,0.0072570795599845575,0.007572176982490899,0.003869880241531286,0.003948684656896087,0.005115452171887377,0.001926741890500092,0.0031586281344411853
2026-04-10,10:02:14.283,-160.0,120.0,9.830954872365322,0.11292080938525394,2.818200741525424,2.4282404661016948,2.31065625,2.5381138771186444,2.2839872881355934,2.5194904661016952,2.2786287076271186,2.6372786016949155,0.009843035694069021,0.007095009301342657,0.0034269218016986943,0.003552339541478422,0.007246188906089922,0.005591523661670455,0.004851521529125611,0.01732565935822606
2026-04-10,10:02:27.034,-120.0,120.0,9.860891845447792,0.08154050830766604,2.733741561181434,2.4580680379746838,2.3153095991561186,2.546498417721519,2.4155717299578066,2.5284625527426163,2.217276371308017,2.310580696202532,0.0085268521312002,0.0034161017414975755,0.002755976464689673,0.003685655442482174,0.005042043421031436,0.0051098928954858265,0.001885841572341105,0.004173187628113198
2026-04-10,10:02:34.313,-80.0,120.0,10.074844755752885,0.13568327576557185,1.496104872881356,2.510366525423729,2.3257298728813565,2.5609978813559326,2.5516573093220343,2.522657838983051,2.2768930084745764,2.0759851694915255,0.026121839432222682,0.004887687987128813,0.0026732337319313915,0.005833414919369015,0.009006431733465442,0.004936753804537528,0.0023927069309790648,0.027813294691996015
2026-04-10,10:02:43.161,-40.0,120.0,10.019244560250597,0.1584609527306772,2.156138241525424,2.616402012711865,2.3411265889830513,2.577376059322034,2.519290783898305,2.495748411016949,2.3104713983050846,2.0573156779661015,0.02452698481448486,0.007211690035876971,0.002994687230160895,0.004284814897792603,0.0042729461961070365,0.005127653830932685,0.0016292651829178497,0.004634430144117093
2026-04-10,10:02:51.272,0.0,120.0,10.120692650421244,0.15954723061548914,2.924743670886077,2.7074029535864983,2.3565411392405067,2.557551687763713,2.403924050632911,2.360960970464135,2.306452004219409,2.0232336497890295,0.07297204801268732,0.011373209356437465,0.002484449647777571,0.0052331926362719616,0.004357026872815,0.0060714196884157886,0.0014970536083625603,0.0044426649915971774
2026-04-10,10:02:59.367,40.0,120.0,10.110016345016707,0.09997661995066529,2.4939218085106374,2.3154367021276596,2.3158526595744684,2.520734574468085,2.4175537234042555,2.2896244680851066,2.278868085106383,2.034602659574468,0.017156691530784154,0.005823676571109426,0.006162766186997488,0.004473484389698964,0.004986748340211396,0.006817554955270286,0.002131830088133611,0.0035953066112351683
2026-04-10,10:03:16.950,80.0,120.0,9.985454656449146,0.112428307021262,2.8456547872340425,2.1296851063829787,2.4635000000000002,2.472902127659575,2.464151063829787,2.3778281914893618,2.2581920212765962,2.0267021276595742,0.006048664874436447,0.012129681219143573,0.009881478483570991,0.004153551510926022,0.005074608142944286,0.005618495333663261,0.0019532849198903015,0.003445969082837694
2026-04-10,10:03:24.711,120.0,120.0,9.868733253785708,0.11182336540868176,2.9202494680851063,2.77220744680851,2.3670058510638294,2.461059574468085,2.539936170212766,2.4536132978723413,2.2424143617021275,2.012928723404255,0.0074106692230923405,0.005561065533168266,0.0030506853640753975,0.005435468997536279,0.004455906337679995,0.0054374950502883235,0.0019785535273681614,0.003963225162598303
2026-04-10,10:03:32.645,160.0,120.0,9.938400325059371,0.1451406720719445,2.9126319148936175,2.6901111702127665,2.627539893617021,2.457470744680851,2.561354255319149,2.4521664893617023,2.2282196808510637,2.000487765957447,0.005138004264550974,0.00920295368940461,0.008037847076610784,0.003535892402739131,0.005212393983688813,0.005124150880866681,0.003856891235765783,0.003506460118445
2026-04-10,10:03:49.659,-200.0,80.0,9.945842387500106,0.17878000322402884,3.0621223516949154,2.434364406779661,2.2740815677966095,2.5268172669491524,2.293988347457627,2.5307129237288133,2.3303199152542375,2.400246822033899,0.006024133216998206,0.0062587983890846416,0.003809863881590885,0.005275253633625315,0.010935928910021148,0.0047686495319523734,0.002276593219644974,0.0404264245955352
2026-04-10,10:03:56.739,-160.0,80.0,9.91805244335154,0.11432473342301358,3.1531112288135597,2.4586292372881355,2.278234110169491,2.5321996822033888,2.3394761652542377,2.546065677966102,2.148216631355932,2.5212568855932203,0.004044943612585999,0.003016876620843019,0.0030372225849014754,0.0033619564970398335,0.00536272012884487,0.005135961609962264,0.005094123232942699,0.08143861024155491
2026-04-10,10:04:03.423,-120.0,80.0,9.9566513318728,0.17291079589807637,1.7756845744680851,2.482448936170213,2.2845484042553195,2.54385,2.501087234042553,2.5569159574468086,2.2120457446808515,2.01049414893617,0.08613996396778975,0.00445372769235254,0.003013530675876707,0.004338806213891348,0.0067866006757770925,0.005796893485591694,0.004404954654622471,0.013970872256810436
2026-04-10,10:04:11.378,-80.0,80.0,9.853644509945752,0.14326227580034348,1.8321212923728811,2.5299094279661016,2.2910169491525423,2.550368644067797,2.5544179025423728,2.562186970338983,2.2755296610169484,1.8754274364406778,0.011793096206641178,0.004240292201803491,0.002981267222449561,0.004177102493082875,0.005727440541442236,0.0061320382628939135,0.0016569286638099287,0.00583048333390785
2026-04-10,10:04:19.586,-40.0,80.0,9.871942387837302,0.14089671263595144,2.730684851694915,2.5780153601694913,2.304712394067796,2.546771716101695,2.508971927966102,2.5370031779661018,2.28165095338983,1.9065942796610171,0.018726264804176513,0.005720987952633331,0.002685610291364586,0.007573561725060406,0.0039453454381292346,0.00807728757976926,0.0016798679080527084,0.004868447803459536
2026-04-10,10:04:27.905,0.0,80.0,9.791364695695728,0.16676867777231769,2.7113750000000003,2.6358375527426166,2.3227141350210974,2.535681962025317,2.3794520042194085,2.3611598101265825,2.2586909282700427,1.8441344936708866,0.00640834231808996,0.008729261627875125,0.0027987443671050483,0.006220928086382452,0.0044041304083769625,0.005958440036147885,0.00165267874331647,0.003535688982231608
2026-04-10,10:04:37.168,40.0,80.0,9.83555196393725,0.14276852834694753,2.725460805084746,2.377065677966102,2.329337394067797,2.4840587923728816,2.4247150423728816,2.2516742584745764,2.2347452330508477,1.8368601694915254,0.012214701815989363,0.004016178611822045,0.00252963944670057,0.0050108647342407215,0.004583395833995331,0.006152288913738209,0.0017189793140488959,0.0038636270190662947
2026-04-10,10:04:44.416,80.0,80.0,9.763222295924752,0.08395688561936249,2.6814745762711865,2.198393008474576,2.2949544491525424,2.430007944915255,2.489901483050848,2.3687441737288135,2.2103342161016952,1.8313172669491526,0.009845369073495178,0.009103902000079253,0.006696313597664156,0.0037179780979446847,0.004112022204964304,0.0052497886817346375,0.0014935834936328513,0.0038718605446275245
2026-04-10,10:04:55.535,120.0,80.0,9.818274597708596,0.10969679849317754,2.8229475635593224,2.7299216101694914,2.181771186440678,2.4236202330508476,2.53871875,2.345745762711864,2.1967526483050843,1.8246011652542369,0.004223178939629471,0.003954899899167994,0.00861109178735919,0.003749582045738069,0.004310881927469678,0.0057528993289868,0.001618445346057483,0.004264590634751819
2026-04-10,10:05:04.623,160.0,80.0,9.851517486987076,0.15461086569534216,2.8266904255319147,2.7644968085106383,2.259932978723404,2.425062765957447,2.5562569148936176,2.342780319148936,2.186777659574468,1.804409574468085,0.0035339220616860643,0.007149764943728284,0.007402111376447574,0.004329887081289035,0.00527886115147828,0.011245363035125251,0.0018260907119761916,0.003904792994457039
2026-04-10,10:05:25.821,160.0,80.0,9.90404415200431,0.16770164923715797,2.877506355932203,2.7551435381355938,2.2137049788135594,2.4268246822033896,2.548942266949153,2.324513241525424,2.184694915254237,1.8217876059322033,0.004527717353439163,0.005441752728397385,0.008048698053705361,0.0033942557103098982,0.005269439499260345,0.005566493946164174,0.001669695177073812,0.003154979500021824
2026-04-10,10:05:38.924,200.0,80.0,10.163797721681169,0.18068223990822313,2.842529535864979,2.653150316455696,2.2573670886075954,2.413932489451476,2.563085443037975,2.2942494725738403,2.1726313291139245,1.8157236286919831,0.00372456890091441,0.004372175689345745,0.01692521644323572,0.004846420807824355,0.004817032469055705,0.005142644806701831,0.001655116738816385,0.0040799261231237215
2026-04-10,10:05:59.259,-240.0,40.0,9.86642646635825,0.13580185781882292,2.9120303191489363,2.3978595744680855,2.2486037234042553,2.5323696808510636,2.3346861702127657,2.3569659574468087,2.25053085106383,2.086443617021277,0.003180487953372611,0.003165927955421989,0.002762750800800639,0.0037439629993760645,0.004486154256552122,0.005005160702491363,0.00259866072690583,0.009610410285379484
2026-04-10,10:06:07.226,-200.0,40.0,9.76215900733111,0.19331350927270027,2.9639632978723407,2.414967021276596,2.243963829787234,2.5341643617021274,2.3523664893617022,2.3648170212765955,2.060735106382979,2.2639941489361703,0.004302806639288114,0.004726113249421313,0.0031806462966895424,0.003982898097133585,0.00584327053521904,0.004621990413504372,0.005998895420431861,0.6256472624200827
2026-04-10,10:06:12.266,-160.0,40.0,9.963472679220562,0.10027489213920793,2.969794831223629,2.412660337552743,2.2443138185654004,2.531301687763713,2.3507958860759497,2.3623095991561183,2.0530316455696203,2.0010469409282705,0.004492085418390196,0.0032987665019794114,0.0030315589486376053,0.004269682309595346,0.00433270745103105,0.007604299052498538,0.002932845537376479,0.06537072325991151
2026-04-10,10:06:44.199,-200.0,40.0,9.846138469072221,0.07798670705076456,3.0041774364406786,2.4174973516949154,2.2388077330508476,2.5273585805084746,2.346010593220339,2.34167372881356,1.9022632415254237,1.9000720338983053,0.0034940312144164324,0.0029999215878236344,0.0028139315657464354,0.004667797065737528,0.004283194652096789,0.005117088609914077,0.002371433982286552,0.1251936317079574
2026-04-10,10:06:52.026,-160.0,40.0,9.954071182376508,0.20507909783266284,2.731422139830509,2.43848622881356,2.2404353813559323,2.5458278601694917,2.4338177966101697,2.363352754237288,1.9182796610169492,1.862635593220339,0.0073870531194631175,0.004317288360374777,0.0033140579583311115,0.004132964803797696,0.005344566583653625,0.0063850168760463755,0.0026410765756242067,0.04714471718148987
2026-04-10,10:06:59.702,-120.0,40.0,9.82155625950853,0.11852043835495361,2.44957858649789,2.4604905063291134,2.2453349156118145,2.549396097046413,2.498092299578059,2.3672188818565396,2.0667231012658225,1.7495806962025313,0.010115190085725848,0.002982462727486479,0.002592762523531097,0.003854565770291349,0.004015691307105938,0.005477793154417406,0.001374976632819656,0.00942522141792464
2026-04-10,10:07:07.238,-80.0,40.0,9.869069734124395,0.14189000963938944,2.533083156779661,2.483189088983051,2.251384004237288,2.5547542372881358,2.551834216101695,2.380870762711864,2.090406779661017,1.8778029661016948,0.023783529737001687,0.0035892354829756387,0.002905281930801134,0.004352725749707737,0.00549362759884809,0.005806395605429022,0.0012893372238768491,0.007628444741121369
2026-04-10,10:07:14.838,-40.0,40.0,10.000234901343438,0.10030897063472755,2.9762632978723405,2.4857797872340424,2.2588409574468087,2.562837234042554,2.494463829787234,2.3755154255319146,2.086432446808511,1.9171425531914896,0.04651335625246494,0.0033228201873233615,0.002978118004588291,0.004151082505383451,0.004603741564918616,0.005217677993965304,0.0020314738576720152,0.0036946479221229346
2026-04-10,10:07:25.224,0.0,40.0,10.049318984597763,0.11510701244579155,3.1970991561181434,2.4195854430379744,2.292270042194093,2.561419831223629,2.36635917721519,2.132193565400844,2.0589978902953585,1.9758465189873418,0.0044131688631238375,0.0030772755145984116,0.0030899821456873925,0.004491336852493869,0.004740762465406269,0.004909335510750436,0.0013988847202463762,0.02267098605405467
2026-04-10,10:07:33.751,40.0,40.0,9.871215204622697,0.1298906252989429,3.205750529661017,2.3565031779661023,2.303275423728814,2.50551906779661,2.4541546610169487,2.025318326271186,2.0324851694915256,1.9505248940677968,0.006990928386006585,0.003846118512526081,0.0029649729238388975,0.003859356309350328,0.004228045799585873,0.006221665046322561,0.001775217035215696,0.006347990514271971
2026-04-10,10:07:42.795,80.0,40.0,9.802339966688532,0.10940787681786182,3.0893934599156117,2.224168248945148,2.2377025316455703,2.4602494725738406,2.5149414556962033,2.113340189873418,2.02010970464135,1.9312594936708856,0.005589850511980039,0.007292025135968435,0.003533349841343133,0.006338596711112452,0.00435473011307726,0.005549401863254934,0.0017903252413249858,0.0045671316508047646
2026-04-10,10:07:52.038,120.0,40.0,9.89848503048724,0.11388303817634637,3.1089661016949157,2.489745233050847,2.096303495762712,2.447894597457627,2.5620556144067796,2.2286419491525424,2.011190148305085,1.9184629237288136,0.004461735887939378,0.00695979419387606,0.009590550884876554,0.0035301290889385353,0.004495718625231112,0.007694621980943446,0.0012788745048643573,0.0039201784498831835
2026-04-10,10:08:06.146,160.0,40.0,10.204013796770043,0.12432388447683777,3.1164957805907174,2.6999978902953585,1.8716925105485234,2.4388565400843882,2.564063291139241,2.2444620253164556,2.004869198312236,1.9187848101265825,0.004247654865809202,0.00926873292883707,0.02451358669864872,0.0061239710624143035,0.005331923356440042,0.0044485316061410405,0.0012342491143541828,0.0036950404761066113
2026-04-10,10:08:15.538,200.0,40.0,9.921252572408088,0.15312763851096162,3.0860556144067797,2.6562981991525425,1.8261769067796614,2.471407309322034,2.5503082627118645,2.23857627118644,2.006008474576271,1.9280895127118645,0.003412537288497475,0.005553726363793739,0.026713715026494035,0.004907035880131335,0.004072231896322132,0.004785010745362802,0.0022872232173453714,0.0033117901663255738
2026-04-10,10:08:25.441,240.0,40.0,9.82022969798531,0.1364100168608679,3.064886702127659,2.5072340425531916,2.373641489361702,2.39166170212766,2.5387329787234045,2.2259558510638295,2.008497340425532,1.9258813829787236,0.004832843781631576,0.005124605396152426,0.014350404283536802,0.003913193215944587,0.004089894481754714,0.0051713568036429285,0.0014514504304989357,0.0035257165715197455
2026-04-10,10:08:36.212,-280.0,0.0,10.001874319537846,0.22058928078186033,3.0822305672268913,2.349361869747899,2.270064075630253,2.560115546218488,2.515966386554622,2.267244222689076,2.0018813025210083,1.9748156512605042,0.004157587474344329,0.00415881206927795,0.0037326230985676515,0.003630706160329394,0.006881227078267083,0.006588513824588668,0.0046138961853645615,0.0036651405925632423
2026-04-10,10:09:24.045,-240.0,0.0,10.291156657500709,0.12457908403039529,2.5000148305084746,2.467209216101695,2.431702330508475,2.555684322033898,2.565654661016949,2.551725105932203,2.4387065677966104,2.6256324152542376,0.003495027850341451,0.0032630510963724295,0.0031309443248547933,0.003898429437957652,0.005613599038473582,0.005423959371547891,0.003752113709334577,0.004626997746876234
2026-04-10,10:09:33.196,-200.0,0.0,9.814467823263326,0.15205708583044303,2.4908580508474576,2.4761626059322035,2.4298866525423723,2.562834216101695,2.551523305084746,2.5711922669491525,2.296693326271186,2.6243998940677966,0.0035808575950543545,0.004622190797035764,0.0030504665560831413,0.00444834016367617,0.007067236284083003,0.00560453348660415,0.013457556689471043,0.014000978041253408
2026-04-10,10:09:40.188,-160.0,0.0,9.874512218789024,0.15577968902260061,2.3509483122362864,2.4828771097046407,2.4082616033755277,2.5703649789029526,2.443217299578059,2.593909810126583,2.396672468354431,2.875945675105485,0.009317016457786296,0.0031612969319193113,0.0028793646676137687,0.004387463236238443,0.00708808996063115,0.005484476680378799,0.003577390163795313,0.003599880560596669
2026-04-10,10:09:49.083,-120.0,0.0,9.759559515454972,0.10375511350261536,2.277871308016877,2.485680379746835,2.4057668776371313,2.5813565400843883,2.379088080168776,2.609804324894515,2.5586292194092826,2.8576450421940924,0.006827790505251769,0.0035850913256984486,0.0031152027786511857,0.005440788333636127,0.0038076902538838916,0.005136880565994846,0.0018240751434836207,0.0032397793197089537
2026-04-10,10:09:59.818,-80.0,0.0,10.019568197152356,0.12764191361520472,2.394963607594937,2.4817046413502104,2.3999799578059067,2.5846334388185648,2.502505274261603,2.6478987341772156,2.5868607594936712,2.8891714135021096,0.009647891538640796,0.0027187861405637034,0.0035183731434113874,0.004214537139604892,0.004737711578465897,0.005180640231459783,0.0017053512368104692,0.004380243428815668
2026-04-10,10:10:09.113,-40.0,0.0,9.975039181123622,0.1587180082729113,2.426470212765957,2.4424654255319154,2.418703723404255,2.5865643617021274,2.483234042553191,2.6675164893617023,2.594798936170213,2.9213250000000004,0.009453176374729911,0.0031790226368029464,0.0032933563795380003,0.006187897300119926,0.004310968894193059,0.006202869695766051,0.0015477760078234717,0.0036464825663072645
2026-04-10,10:10:25.112,0.0,0.0,9.924298160082776,0.12357624027786003,2.6494648936170213,2.39971914893617,2.4703005319148943,2.592362765957447,2.3806851063829786,2.397821276595745,2.549847872340426,2.9221462765957447,0.0039010829769357625,0.0025771820581396176,0.0030534750405807444,0.005449067537692186,0.004585046403320023,0.005556309856493511,0.0017934190408388732,0.003270020083887375
2026-04-10,10:10:41.335,40.0,0.0,10.009839741897283,0.20647201805541718,2.7727203389830506,2.440936970338983,2.512101694915254,2.57927595338983,2.4623654661016947,2.261823093220339,2.5143527542372883,2.9389057203389832,0.004845089084067302,0.003342227454750727,0.0031719335398932096,0.0037918290891135907,0.00380385609363107,0.009401548937463103,0.002225331540473096,0.004185671446218385
2026-04-10,10:10:50.183,80.0,0.0,9.845550303317403,0.08581698140319514,2.72406779661017,2.3659030720338987,2.481628707627119,2.552229343220338,2.5393697033898306,2.30565095338983,2.501045550847458,2.9037007415254243,0.0038870828591049946,0.0034003198988187384,0.0028773800986860976,0.00450259279033644,0.004239062261007756,0.006139062173204611,0.001676590224626403,0.0036987525068487323
2026-04-10,10:10:59.974,120.0,0.0,10.024390488556644,0.14162179527360988,2.6932684599156107,2.330333860759494,2.5298122362869195,2.550142405063291,2.569961497890295,2.4463586497890297,2.497660337552742,2.8821740506329117,0.0038227285596544817,0.009822657200713136,0.0029200769199509142,0.004345116483322989,0.004575567702781605,0.008007738482436267,0.0014824496106389138,0.0037657589612717307
2026-04-10,10:11:09.302,160.0,0.0,9.821772628282924,0.11060261571740834,2.6723479872881355,2.5904661016949153,2.3504141949152544,2.5658575211864405,2.5448930084745762,2.738154131355932,2.4926059322033898,2.8742044491525425,0.0035452767091940225,0.005761885767682944,0.005268183782745986,0.004470658117524565,0.0046599622025013995,0.005162123851330426,0.0013943768654353622,0.0034585991631212775
2026-04-10,10:11:19.749,200.0,0.0,9.864360688204597,0.08943806643205322,2.6614544491525427,2.683632944915254,2.2516223516949148,2.466684851694915,2.5160630296610167,2.6565397245762705,2.4928331567796613,2.8701996822033897,0.0035607866551292965,0.0057691627914943,0.020500288879714206,0.011773537589529901,0.00438632761572935,0.004701139515259938,0.0012104045289593436,0.00332046291134465
2026-04-10,10:11:28.372,240.0,0.0,10.07213614361591,0.14878747842069487,2.650273634453782,2.5946391806722686,2.4262552521008405,2.435461134453783,2.5021790966386552,2.632253151260504,2.500602415966386,2.8667815126050415,0.003552118808576293,0.004771415793812295,0.0037777125514415373,0.007837156434697621,0.00423815409456957,0.005019315688968335,0.001794366166761211,0.0031981447520215926
2026-04-10,10:11:37.428,280.0,0.0,10.026851576243331,0.13607679252468347,2.6430069148936175,2.5514500000000004,2.507721808510638,2.6379675531914897,2.480385106382978,2.6155308510638298,2.5014797872340426,2.863184574468085,0.0037534406277372374,0.003738763306740609,0.002688196307724505,0.003652610968262095,0.004339908383355181,0.004948227204482395,0.0012882409900122494,0.0035809653146714614
2026-04-10,10:11:52.371,-240.0,-40.0,9.995065995056823,0.1436082554819952,2.6281687763713077,2.5618670886075954,2.4942837552742616,2.6156434599156113,2.6588101265822783,2.6355690928270046,2.597726265822784,2.7311313291139245,0.0033145362590319702,0.0028733375609183093,0.004491558518290889,0.0036771387833966114,0.004462876972318732,0.004968642378802241,0.0022404634939527457,0.004065680695821544
2026-04-10,10:12:01.458,-200.0,-40.0,9.85218017914167,0.14548622634600453,2.6069984110169497,2.5643082627118643,2.4829502118644076,2.6173665254237286,2.6975254237288135,2.671103813559322,2.1330572033898303,2.915464512711865,0.0034730820393782513,0.0031467750761907097,0.003360339306040896,0.004175608552445039,0.007504581215979583,0.005935928763662329,0.021092968168610695,0.004160510821066456
2026-04-10,10:12:09.985,-160.0,-40.0,9.86159723013405,0.13242749276481836,2.557615995762712,2.571985169491526,2.4820190677966103,2.6127314618644064,2.650153601694915,2.6967229872881355,2.31119968220339,2.8142055084745765,0.0040890007176113494,0.0032963677964144853,0.002542859681502361,0.004432968034624581,0.007942680829863559,0.005306445820072368,0.00862950768995771,0.003920337746487983
2026-04-10,10:12:18.849,-120.0,-40.0,9.971862013128492,0.10303197546685142,2.4891191737288136,2.565158898305084,2.4838919491525426,2.63261970338983,2.2550958686440676,2.6981430084745757,2.4045280720338984,2.8488103813559325,0.0050297478893069686,0.003270172929625926,0.003017205045327564,0.009324168609104242,0.004155432984908739,0.005267444168448751,0.009018354259503003,0.0034896272235946076
2026-04-10,10:12:28.176,-80.0,-40.0,9.728174669607204,0.13949263995433753,2.475329113924052,2.530329113924051,2.4886940928270045,2.7019008438818566,2.456102848101266,2.7298881856540085,2.495978375527427,2.889183544303797,0.006205883663256447,0.0036995825194533734,0.002861226301638709,0.002968506337972122,0.0045058166591591805,0.0052989627278222295,0.0034816417568604256,0.004661901005192459
2026-04-10,10:12:35.808,-40.0,-40.0,9.788981805843227,0.1250382938142202,2.467041843220339,2.4839279661016955,2.497958686440678,2.711177966101695,2.5497033898305084,2.6760344279661012,2.5857420550847463,2.9597605932203392,0.004503416157743708,0.003644250709835824,0.003108816360673696,0.0042169988292587455,0.0051851905878933695,0.006308534674259673,0.00311519698229359,0.003936586061244081
2026-04-10,10:12:44.930,0.0,-40.0,10.134229134644169,0.07638551471487191,2.6209420212765964,2.440527127659575,2.5173867021276597,2.7065,2.4879042553191484,2.377922340425532,2.549262234042553,3.0187212765957447,0.003323518332419764,0.003044701666669877,0.002873252711704012,0.004180088312209704,0.004199450062618821,0.005576828566742371,0.0017787671467186285,0.003951295837549407
2026-04-10,10:12:53.246,40.0,-40.0,9.922578507970577,0.14734718787540554,2.8064103375527423,2.5234852320675105,2.5409483122362864,2.687830696202532,2.607300105485232,1.867409282700422,2.5178897679324903,3.0426787974683545,0.004359973131665243,0.0038751334874170063,0.003393492049599375,0.0031932136043329447,0.005925104593199184,0.007490003768190412,0.0015726242040210786,0.0034151107390280634
2026-04-10,10:13:01.246,80.0,-40.0,10.100964726696372,0.1602362497454323,2.7736202531645566,2.492545358649789,2.5490094936708854,2.640335443037975,2.6169330168776375,2.0989789029535864,2.5046339662447252,3.01835970464135,0.0048170146246106875,0.002905540788981188,0.002957400528689114,0.0052825447088676696,0.005445264566006696,0.015589952780539224,0.0010709219020916252,0.0035476288683948757
2026-04-10,10:13:21.724,120.0,-40.0,10.009847839856523,0.20798414405278742,2.7402744680851066,2.4443398936170215,2.5220702127659576,2.529326063829787,2.5845553191489365,2.319562765957447,2.4934978723404253,3.0012303191489353,0.0033833819845291986,0.004695668158714782,0.0032038650125372804,0.010051330965967425,0.005535271179066408,0.029422080592507942,0.0016479744965107784,0.0036259002410047683
2026-04-10,10:13:40.555,160.0,-40.0,9.984088697353966,0.15952748921865803,2.7054725738396623,2.430036919831224,2.410916139240506,2.4239567510548525,2.5180464135021103,2.5696149789029534,2.490810126582279,2.9879878691983124,0.003915060976163635,0.003374319404091787,0.0043656721622070335,0.010285987139184952,0.004457926592027055,0.005100050394759927,0.0019254836054297141,0.003110109756257996
2026-04-10,10:13:51.722,200.0,-40.0,9.827689869277654,0.14823601947622825,2.6807372881355933,2.4391562500000004,2.437053495762712,2.082353283898305,2.5011514830508474,2.633415254237288,2.480458686440678,2.976781779661017,0.0035732309326901857,0.0038594570215328456,0.0066561655790765865,0.019820513265342184,0.005097080620453963,0.005992345518095966,0.0015987163054805408,0.0033331796308406205
2026-04-10,10:14:04.314,240.0,-40.0,10.127327263692937,0.1812371302350729,2.6615979872881357,2.4224348516949146,2.5875577330508475,2.6883718220338975,2.488140889830509,2.5074973516949153,2.4790333686440684,2.9706943855932204,0.003627355119793591,0.0033824745979787875,0.0028093868926576337,0.008033216295673464,0.004408844473278429,0.004908382647171727,0.0018203945220189046,0.0036845118952722362
2026-04-10,10:14:24.155,-200.0,-80.0,9.746093033056605,0.08342964029443381,2.657685911016949,2.581010063559323,2.498436440677966,2.598315677966101,2.67333686440678,2.493391419491525,2.4669104872881356,2.934727754237288,0.00364193663508116,0.0035741934754847395,0.0029728309712745227,0.003566807604779717,0.0048521713554830525,0.0052431283719621335,0.00885170155503056,0.004185709247630832
2026-04-10,10:14:32.444,-160.0,-80.0,9.948551969816696,0.1388366038026011,2.636871308016878,2.5749419831223634,2.4999815400843883,2.611940400843882,2.7005859704641355,2.56492299578059,2.4402394514767938,2.950361814345992,0.0032940338246009353,0.003508907302196966,0.0024816817175309126,0.003952372724804678,0.008815520566345922,0.005127398964311526,0.008522696770837588,0.004528000983953104
2026-04-10,10:14:40.183,-120.0,-80.0,9.757015397970259,0.11203435850666828,2.5731641949152544,2.5684925847457625,2.5005932203389825,2.6255090042372884,2.5718617584745767,2.6224713983050845,2.366719809322034,2.9470640889830513,0.00383920037525133,0.0032943837180573012,0.0031503079635188344,0.0038529802140217545,0.007904514705789194,0.005708650861185336,0.010113338234186862,0.0038726667546962364
2026-04-10,10:14:47.702,-80.0,-80.0,9.803670337615804,0.07820235537895445,2.514897679324895,2.5234477848101267,2.5131919831223626,2.6423254219409285,2.299413502109705,2.5741065400843888,2.515572784810127,2.9535137130801687,0.004241748616234566,0.003950825482309726,0.002966441003553447,0.004069451754927063,0.00555415723847845,0.00663423263613315,0.00449960181643173,0.0035971041051092163
2026-04-10,10:14:58.358,-40.0,-80.0,10.177746081589165,0.20297673248034923,2.4966265957446816,2.48039414893617,2.5279026595744685,2.645987765957447,2.5839776595744683,2.640096808510638,2.5132340425531914,3.0117835106382973,0.005615121122429702,0.003371939955415026,0.0028381483421008667,0.0035527816205188543,0.004755123871472373,0.008457532550080575,0.002461298446093524,0.003585655065659092
2026-04-10,10:15:31.779,0.0,-80.0,10.075210205071578,0.16772454079381754,2.533721276595744,2.458631914893617,2.547355319148936,2.6493531914893613,2.615344680851064,2.4190377659574462,2.472623936170213,2.5604324468085102,0.004682325807336332,0.0025902368973215956,0.003375257815882509,0.0049990680435214735,0.011529117781211082,0.0163163814957679,0.0026119099020355313,0.005101407593856852
2026-04-10,10:15:39.956,40.0,-80.0,9.903625972538949,0.15800647433238926,2.657086334745763,2.559454978813559,2.57228813559322,2.677807203389831,2.62604502118644,1.9259549788135595,2.4514311440677963,2.572736758474577,0.004207369847808787,0.004670997686270504,0.0037852337879016296,0.005768970733418497,0.006574894397197339,0.023757910682985946,0.0016947699222649535,0.004612258787608185
2026-04-10,10:15:48.978,80.0,-80.0,9.966151870323626,0.13565351242278126,2.6577819148936177,2.5476611702127654,2.5773898936170214,2.608689361702128,2.586112765957447,1.8689808510638302,2.4371851063829784,2.5557893617021277,0.003952314505476971,0.004460392504048994,0.0032116669777417124,0.004866862397127741,0.004851016762089721,0.02887175707715931,0.001333205818559197,0.003705343125498915
2026-04-10,10:15:56.594,120.0,-80.0,9.839164631133803,0.10944102409765546,2.6080768008474573,2.468729343220339,2.5103384533898305,2.5084613347457627,2.492181673728813,2.574454449152542,2.4268945974576264,2.529926377118644,0.004094082832059207,0.002929618382910632,0.00316615721774652,0.008171511346672235,0.004243861526018699,0.013057252161867799,0.0018261141093869318,0.003648404241046572
2026-04-10,10:16:04.132,160.0,-80.0,9.873226545712823,0.13541987365983937,2.5660333686440677,2.4049136652542376,2.461961334745763,2.6889560381355926,2.4637537076271188,2.60511970338983,2.418117584745763,2.5128299788135595,0.002905673947413559,0.006102791909208245,0.003136297581432799,0.0071564399321717665,0.005059555224651434,0.010309753667024961,0.0018003348597483175,0.003458883658755415
2026-04-10,10:16:13.249,200.0,-80.0,9.90819542380105,0.20878129977174997,2.556753164556962,2.3973771097046415,2.6246524261603374,2.5883897679324894,2.4464841772151895,2.512301160337552,2.4132278481012657,2.501537974683545,0.0036989835680975923,0.006948518175254813,0.005225105425604614,0.019674072746847664,0.006175976208578857,0.007587765748523115,0.0019004870600807856,0.0036319329034816723
2026-04-10,10:16:35.215,-160.0,-120.0,9.89213864559681,0.11560074948043435,2.533085805084746,2.6033156779661013,2.535247881355932,2.6448289194915255,2.6661054025423727,2.3651636652542374,2.5598230932203396,2.4409438559322028,0.0036746201792849107,0.0026620027119946842,0.002903049565979504,0.004226449956529008,0.005484335836045756,0.004659161652855252,0.0037011588553675892,0.0031584480078398524
2026-04-10,10:16:45.614,-120.0,-120.0,10.021470506540368,0.2267968686453933,2.494381382978723,2.5807324468085113,2.5438457446808513,2.649370212765958,2.591426063829787,2.458651063829787,2.347172872340426,2.4510829787234036,0.003633760390660261,0.0030393733383254984,0.003100640458673188,0.003853972247226269,0.007154547648856302,0.006798812782482315,0.0027228047461818968,0.0033190941246156506
2026-04-10,10:16:54.846,-80.0,-120.0,9.771514274779783,0.17906597135231048,2.4261694915254237,2.531229872881356,2.555048199152542,2.6566011652542376,2.131552966101695,2.521522245762712,2.480996822033898,2.4478712923728816,0.005115639069452724,0.004155223456730853,0.0029547916841596135,0.005835596423033478,0.010743098725584902,0.006933297348128602,0.006042771321133564,0.003599677704985851
2026-04-10,10:17:04.797,-40.0,-120.0,9.77106714297898,0.09787647697328483,2.395658898305085,2.4895201271186442,2.571221927966102,2.6550646186440683,2.4861822033898306,2.5916859110169495,2.4705349576271183,2.4939094279661016,0.004498062230410028,0.004413780013691735,0.0029163058154483244,0.004473282652991057,0.0059614013589107,0.008608191686207332,0.003217400288563508,0.0036925606026351346
2026-04-10,10:17:19.836,0.0,-120.0,9.970851534948673,0.12761532033000478,2.4857378177966103,2.4888554025423733,2.584933792372881,2.6486498940677965,2.541679025423729,2.706241525423729,2.4372537076271183,2.559961334745763,0.0038573851143218455,0.0038432715455332424,0.0031557050038458585,0.006722872157964747,0.007362087928627664,0.010572480226474014,0.0023831371583200277,0.004795516887958062
2026-04-10,10:17:27.484,40.0,-120.0,9.91969329741062,0.14265236180656313,2.6127521097046413,2.589446202531646,2.600367088607595,2.638688818565402,2.61851582278481,1.4709683544303798,2.4199082278481017,2.591762658227848,0.0036452306538284373,0.008474544990406497,0.003043093821229757,0.004516431729389629,0.008474483147566216,0.019659141822768154,0.001606870081442139,0.005102467767856094
2026-04-10,10:17:35.276,80.0,-120.0,9.836837207653964,0.16570006551638553,2.613287076271187,2.56407468220339,2.5667272245762716,2.5121038135593214,2.5014067796610173,2.274709216101695,2.4110301906779665,2.589996292372881,0.0037774878616654776,0.0036834558266621497,0.0034773895619655444,0.006147384405829554,0.005620117618401876,0.015670649158292176,0.0011652189661456936,0.003786761832092513
2026-04-10,10:17:42.523,120.0,-120.0,9.99386320191374,0.1845348606426337,2.5666885593220345,2.454377118644068,2.5412346398305083,2.4945264830508473,2.43790095338983,2.518533368644068,2.398936970338984,2.5902012711864413,0.0038987362740529434,0.004192326874364277,0.0033671974744796883,0.004982898500027548,0.006083278575110944,0.020845515089615532,0.0016645090241548936,0.003938182073635244
2026-04-10,10:17:50.250,160.0,-120.0,9.9893509294352,0.13070287219900245,2.5411106382978725,2.393504787234043,2.6090601063829784,2.8495840425531918,2.4065244680851063,2.5962813829787232,2.3977595744680853,2.5644382978723406,0.003581441320613947,0.005136919554355736,0.003279841149721408,0.006828881924489155,0.00530622749691169,0.009883040045157054,0.0015362339380900513,0.003504525383927361
2026-04-10,10:18:20.536,-120.0,-160.0,9.721233329156417,0.16371990249303564,2.5080677966101694,2.571179555084746,2.5573336864406775,2.5927844279661016,2.812966631355932,2.4101223516949157,2.5959528601694912,2.480553495762712,0.0038269867191386307,0.004077312034285769,0.0033018619187503953,0.004754994986441334,0.006237976688394176,0.005119719362926501,0.0026672278937554324,0.003181603629737963
2026-04-10,10:18:29.032,-80.0,-160.0,9.8366833473381,0.09997940322039768,2.4679813829787234,2.5343356382978723,2.5699638297872345,2.5948755319148944,2.638704787234042,2.5163085106382983,2.3327606382978723,2.4885579787234047,0.00363910304329381,0.0032950306906234126,0.0029224043243291135,0.005028740508322683,0.010539516115777336,0.005211794308053715,0.002146779779661414,0.003538733644689556
2026-04-10,10:18:36.311,-40.0,-160.0,9.93924484588695,0.16011483715881447,2.416247340425532,2.488809574468085,2.5846946808510642,2.6059393617021276,2.327439893617021,2.6404085106382977,2.4360941489361703,2.5008042553191485,0.005087681289682673,0.0035490167697108496,0.0030897477009605282,0.003660843499043731,0.017544935969680042,0.010496979399103622,0.005257060128111919,0.003906824767582926
2026-04-10,10:18:49.351,0.0,-160.0,10.015842562761213,0.2077036434132081,2.482449152542373,2.5075577330508474,2.5995063559322036,2.607964512711864,2.677047139830508,2.9718628177966098,2.4443781779661022,2.5755926906779667,0.004354301438704444,0.0029701536242456336,0.0028329808641609365,0.003573512739684298,0.01192400525190241,0.02692144041128736,0.0034149185826246593,0.003403337884491432
2026-04-10,10:19:00.918,40.0,-160.0,9.909335269258332,0.10708746813977252,2.5934132978723405,2.581379255319149,2.595790957446808,2.575472872340425,2.6813872340425533,1.3735898936170214,2.422753723404255,2.591611170212766,0.0031277109563010714,0.004365557649875494,0.003233815781523022,0.006103026868892734,0.009056401098676985,0.021049781837686927,0.0015659014357466742,0.003843455367571879
2026-04-10,10:19:08.853,80.0,-160.0,9.812764585293058,0.14477608179638193,2.5891555907172994,2.5417273206751054,2.572469409282701,2.521451476793249,2.5849672995780595,2.560386075949366,2.4139098101265817,2.5909504219409287,0.0034809590361551995,0.0032413386524763024,0.0031010772711705195,0.004865668384892242,0.006327711913983683,0.020598746459405553,0.002195357651297991,0.003748159862333974
2026-04-10,10:19:16.533,120.0,-160.0,9.869768426640537,0.12368432760544945,2.55590095338983,2.438882415254237,2.626196504237288,2.4816509533898303,2.5509030720338988,2.6040789194915255,2.3969120762711857,2.5645397245762713,0.003457949825198492,0.004771549921993111,0.0038240376218119277,0.005553815267677547,0.005544080729448436,0.017533720025182477,0.0021179662581008764,0.00762813896409193
2026-04-10,10:19:30.628,-80.0,-200.0,9.800759095511573,0.1604077940632658,2.4971271186440682,2.558316737288136,2.568645656779661,2.731468220338983,2.7587441737288136,2.5313744703389833,2.5456006355932206,2.5242881355932205,0.004587888874515913,0.0033261205501354243,0.0033396468675589664,0.0034842900466833925,0.008396548010403153,0.004992307348749131,0.003599845456111344,0.003578641637987806
2026-04-10,10:19:42.195,-40.0,-200.0,10.000770248470538,0.16499659243992523,2.4448003177966107,2.5114740466101693,2.5828691737288136,2.7353998940677964,2.2039205508474575,2.732393538135593,2.3393548728813562,2.519072033898305,0.005173606563879651,0.0032653324190883926,0.0028278475702971013,0.0040246989688206255,0.018276993947239098,0.006885324534360069,0.0024904462759377847,0.0028553077795221756
2026-04-10,10:19:51.220,0.0,-200.0,10.124203071358533,0.19027845480741334,2.464895656779661,2.5238082627118636,2.600989936440677,2.7194819915254245,2.6516329449152543,2.7739194915254237,2.410577330508475,2.579347457627119,0.004257895170708404,0.0029466784213955147,0.0029165143637732436,0.003466309376677612,0.017790260884069046,0.01687796211780107,0.002873752469363176,0.003045889995854842
2026-04-10,10:20:03.537,40.0,-200.0,9.983014756431928,0.1898724776694087,2.5504578059071727,2.601969936708861,2.5867489451476797,2.6566524261603375,2.6855970464135024,1.8919193037974682,2.400919831223628,2.5934166666666667,0.0038106124346205723,0.0037887701454962456,0.003169295590710208,0.005658034681364034,0.01039378017767417,0.06044118749514539,0.00158414885937062,0.0043263392924849115
2026-04-10,10:20:16.228,80.0,-200.0,9.977604678921885,0.09113939653942496,2.5478031914893617,2.5077707446808515,2.6032196808510637,2.551460106382979,2.555094148936171,2.477198404255319,2.385265425531915,2.5798813829787233,0.003726231829098003,0.003022571643330782,0.0034077428113572276,0.004470939437832725,0.0052959092321186165,0.005759964548722056,0.0013332745761913793,0.0028867749991782297
2026-04-10,10:20:28.128,-40.0,-240.0,9.871226638807048,0.09736028035263544,2.4620900423728815,2.5209809322033903,2.588317266949152,2.733051377118644,2.4645990466101697,2.3678019067796607,2.4507992584745764,2.5414549788135594,0.0039941988386422884,0.0025962472468141684,0.0032271919775702794,0.0038027115534351175,0.03281195906159358,0.004935543923603403,0.0040598700067029725,0.003591332418154397
2026-04-10,10:20:35.791,0.0,-240.0,9.977245418459978,0.11272448792928894,2.4489798728813565,2.527872881355932,2.6017330508474577,2.7195932203389828,2.614079449152542,2.4040831567796612,2.3825963983050844,2.557095868644068,0.004246321012930806,0.0028842878278804236,0.0031036949708356846,0.004101667009465239,0.006170547210299331,0.004952626175122154,0.001979731179918865,0.003149166957999479
2026-04-10,10:20:44.639,40.0,-240.0,9.823389476605987,0.12246943046068115,2.538655720338983,2.559771716101695,2.580747351694915,2.6260105932203395,2.569494173728813,2.776861228813559,2.395045021186441,2.5823718220338985,0.0036623744136172844,0.0032891010504770488,0.0026677423879274045,0.0038027217711040554,0.004222653853594437,0.013997013565195055,0.002081407072653876,0.0037263186532577
2026-04-10,10:20:53.312,0.0,-280.0,10.013869674279634,0.1533510844199642,2.4672632978723406,2.546643085106383,2.6024042553191493,2.706610106382979,2.4855106382978724,2.2461670212765963,2.4129228723404257,2.5589622340425526,0.004463894311238816,0.0032432733256845874,0.0030601258454728978,0.005554772386451,0.0042181716338955955,0.006594920890559556,0.0017908888036690792,0.0034386874055202495
2026-04-16,14:58:16.436,-120.0,120.0,10.075748124538034,0.223201768391182,2.385184210526315,2.5273250000000003,2.5062486842105263,2.524722368421052,2.691901315789474,2.6149460526315784,2.4440644736842105,3.769797368421053,0.010508264950574272,0.005047419872412166,0.0031048293630989315,0.005222395439587426,0.005649053679973721,0.002854627627549137,0.13159398265413055,0.00036100141573214235
2026-04-16,15:02:13.328,40.0,-40.0,9.49039357743502,0.13637994342000356,2.596282894736842,2.393505263157894,2.5417789473684205,2.5595342105263157,2.8466868421052642,2.6580447368421045,2.438753947368421,3.647606578947368,0.004212224164259564,0.003235540495677511,0.002522950746826862,0.004279289249629452,0.004169274899259592,0.00368223490262597,0.002748052697604051,0.003700771986545326
2026-04-16,15:02:37.806,-120.0,120.0,9.733510464345237,0.5005577915368765,2.5293802631578957,2.3098868421052634,2.568180263157896,2.540134210526316,2.8792526315789484,2.788631578947369,2.5798078947368426,3.6615855263157897,0.006430675759220113,0.006208018840373934,0.003849928049117221,0.004182483920489402,0.01670004312698658,0.025727342921932555,0.02046492354170579,0.003609666442796981
