Timestamp,dt,Voltage1,Voltage2,Voltage3,Voltage4,Voltage5,Voltage6,Voltage7,Voltage8
2024-11-21 14:42:32,0.25,3.718,0.037625,3.755625,3.3973750000000003,3.269875,3.4015,3.6128750000000003,3.537875
2024-11-21 14:42:32,0.25,3.7155,0.040125,3.7531250000000003,3.3973750000000003,3.268875,3.401125,3.61375,3.536125
2024-11-21 14:42:32,0.25,3.7155,0.037625,3.7531250000000003,3.3973750000000003,3.267875,3.401875,3.612375,3.5380000000000003
2024-11-21 14:42:33,0.25,3.7155,0.040125,3.7531250000000003,3.3973750000000003,3.26925,3.4021250000000003,3.612,3.5405
2024-11-21 14:42:33,0.25,3.7155,0.040125,3.755625,3.3973750000000003,3.27025,3.4013750000000003,3.612,3.536875
2024-11-21 14:42:33,0.25,3.718,0.040125,3.7531250000000003,3.3973750000000003,3.270375,3.400875,3.613,3.535875
2024-11-21 14:42:34,0.25,3.713,0.040125,3.755625,3.3973750000000003,3.2685,3.4017500000000003,3.612,3.53775
2024-11-21 14:42:34,0.25,3.7155,0.037625,3.755625,3.3973750000000003,3.268125,3.4015,3.611125,3.540125
2024-11-21 14:42:34,0.25,3.7155,0.037625,3.7531250000000003,3.394875,3.268125,3.4015,3.6117500000000002,3.537375
2024-11-21 14:42:35,0.25,3.71675,0.040125,3.754375,3.3973750000000003,3.269,3.4006250000000002,3.613125,3.53525
2024-11-21 14:42:35,0.25,3.7155,0.037625,3.755625,3.3973750000000003,3.26975,3.4015,3.611625,3.5380000000000003
2024-11-21 14:42:35,0.25,3.7155,0.040125,3.755625,3.3973750000000003,3.270125,3.4017500000000003,3.611,3.540375
2024-11-21 14:42:36,0.25,3.718,0.037625,3.7531250000000003,3.394875,3.26975,3.4010000000000002,3.612,3.53675
2024-11-21 14:42:36,0.25,3.7155,0.037625,3.7531250000000003,3.3973750000000003,3.26925,3.40025,3.61275,3.535375
2024-11-21 14:42:36,0.25,3.7105,0.040125,3.755625,3.3973750000000003,3.267875,3.4017500000000003,3.612,3.5383750000000003
2024-11-21 14:42:37,0.25,3.7155,0.037625,3.755625,3.3973750000000003,3.266875,3.4017500000000003,3.611,3.540375
2024-11-21 14:42:37,0.25,3.718,0.040125,3.7531250000000003,3.394875,3.269,3.40075,3.613375,3.537125
2024-11-21 14:42:37,0.25,3.7155,0.037625,3.7531250000000003,3.3973750000000003,3.268875,3.401125,3.6132500000000003,3.5351250000000003
2024-11-21 14:42:38,0.25,3.673,0.037625,3.7531250000000003,3.36725,3.18875,3.336875,3.504625,3.3657500000000002
2024-11-21 14:42:38,0.25,3.60025,0.040125,3.755625,3.292125,3.1121250000000003,3.287375,3.36625,3.221375
2024-11-21 14:42:38,0.25,3.60275,0.037625,3.755625,3.289625,3.125375,3.2920000000000003,3.373,3.230125
2024-11-21 14:42:39,0.25,3.610375,0.040125,3.755625,3.292125,3.1353750000000002,3.293,3.3701250000000003,3.225625
2024-11-21 14:42:39,0.25,3.60025,0.037625,3.755625,3.287125,3.13625,3.296625,3.371375,3.242
2024-11-21 14:42:39,0.25,3.59275,0.040125,3.755625,3.287125,3.134875,3.29725,3.372,3.23
2024-11-21 14:42:40,0.25,3.59525,0.037625,3.755625,3.282125,3.125375,3.295375,3.371125,3.2331250000000002
2024-11-21 14:42:40,0.25,3.60275,0.037625,3.755625,3.274625,3.116375,3.288875,3.347875,3.2175000000000002
2024-11-21 14:42:40,0.25,3.59025,0.035125,3.755625,3.2771250000000003,3.124875,3.2905,3.34775,3.221625
2024-11-21 14:42:41,0.25,3.58275,0.037625,3.756875,3.274625,3.127875,3.29225,3.353875,3.223875
2024-11-21 14:42:41,0.25,3.59525,0.040125,3.755625,3.282125,3.134875,3.29625,3.365875,3.22975
2024-11-21 14:42:41,0.25,3.605375,0.037625,3.755625,3.282125,3.1350000000000002,3.296875,3.368625,3.236
2024-11-21 14:42:42,0.25,3.60275,0.037625,3.755625,3.2796250000000002,3.1321250000000003,3.2945,3.360125,3.224875
2024-11-21 14:42:42,0.25,3.607875,0.040125,3.755625,3.2796250000000002,3.134125,3.2952500000000002,3.362375,3.2285
2024-11-21 14:42:42,0.25,3.60275,0.037625,3.755625,3.2771250000000003,3.136,3.2956250000000002,3.364,3.2275
2024-11-21 14:42:43,0.25,3.58775,0.040125,3.755625,3.262125,3.119125,3.288875,3.346375,3.202125
2024-11-21 14:42:43,0.25,3.58025,0.038875,3.755625,3.262125,3.126,3.289375,3.34125,3.1986250000000003
2024-11-21 14:42:43,0.25,3.599,0.037625,3.755625,3.269625,3.1305,3.293125,3.35725,3.2065
2024-11-21 14:42:44,0.25,3.60275,0.037625,3.755625,3.272125,3.131625,3.295,3.36125,3.2065
2024-11-21 14:42:44,0.25,3.610375,0.040125,3.755625,3.33475,3.211875,3.348625,3.50125,3.397125
2024-11-21 14:42:44,0.25,3.7005,0.037625,3.7531250000000003,3.389875,3.274375,3.407875,3.607875,3.537
2024-11-21 14:42:44,0.25,3.7055000000000002,0.035125,3.755625,3.389875,3.277375,3.407625,3.6117500000000002,3.536
2024-11-21 14:42:45,0.25,3.70425,0.038875,3.7531250000000003,3.392375,3.276875,3.406875,3.611125,3.532625
2024-11-21 14:42:45,0.25,3.7030000000000003,0.037625,3.755625,3.392375,3.27175,3.40625,3.607625,3.536
2024-11-21 14:42:45,0.25,3.630375,0.033875,3.7531250000000003,3.378625,3.2327500000000002,3.3745000000000003,3.5820000000000003,3.4885
2024-11-21 14:42:46,0.25,3.4213750000000003,0.02425,3.745375,3.29325,3.091875,3.2880000000000003,3.379,3.202
2024-11-21 14:42:46,0.25,3.3415,0.021,3.74125,3.256125,3.0675,3.271375,3.332,3.14625
2024-11-21 14:42:46,0.25,3.34275,0.02325,3.743125,3.259875,3.0805000000000002,3.275125,3.3280000000000003,3.14
2024-11-21 14:42:47,0.25,3.3316250000000003,0.022375,3.741375,3.256625,3.086125,3.27625,3.323125,3.137125
2024-11-21 14:42:47,0.25,3.34875,0.022875,3.74375,3.2563750000000002,3.089,3.2763750000000003,3.32275,3.1305
2024-11-21 14:42:47,0.25,3.3436250000000003,0.023,3.7435,3.25375,3.092625,3.2771250000000003,3.32425,3.13225
2024-11-21 14:42:48,0.25,3.34225,0.02325,3.742875,3.2560000000000002,3.09025,3.2771250000000003,3.320625,3.1285000000000003
2024-11-21 14:42:48,0.25,3.345625,0.022375,3.7425,3.250625,3.089375,3.276875,3.321,3.13225
2024-11-21 14:42:48,0.25,3.34875,0.022375,3.743375,3.25125,3.0961250000000002,3.2765,3.319,3.1270000000000002
2024-11-21 14:42:49,0.25,3.34875,0.024,3.744125,3.252875,3.097875,3.2775,3.31975,3.128625
2024-11-21 14:42:49,0.25,3.352625,0.024125,3.744,3.255625,3.098875,3.2807500000000003,3.32675,3.1393750000000002
2024-11-21 14:42:49,0.25,3.361875,0.02425,3.744875,3.256625,3.103375,3.281125,3.3268750000000002,3.1357500000000003
2024-11-21 14:42:50,0.25,3.350625,0.022875,3.74425,3.245375,3.0915,3.274625,3.3115,3.117
2024-11-21 14:42:50,0.25,3.33875,0.024625,3.74525,3.246875,3.08375,3.270125,3.305125,3.09475
2024-11-21 14:42:50,0.25,3.365,0.02725,3.747125,3.2665,3.1105,3.282875,3.339,3.1385
2024-11-21 14:42:51,0.25,3.384125,0.027625,3.747875,3.27775,3.130875,3.29325,3.3645,3.1706250000000002
2024-11-21 14:42:51,0.25,3.37875,0.027125,3.747875,3.2705,3.118625,3.2865,3.3537500000000002,3.152625
2024-11-21 14:42:51,0.25,3.3810000000000002,0.02775,3.7485,3.2727500000000003,3.1195,3.2876250000000002,3.356875,3.156
2024-11-21 14:42:52,0.25,3.379125,0.02825,3.7483750000000002,3.2716250000000002,3.11525,3.286,3.34675,3.146375
2024-11-21 14:42:52,0.25,3.354375,0.025625000000000002,3.74575,3.259625,3.097375,3.27975,3.322625,3.1235
2024-11-21 14:42:52,0.25,3.51575,0.03225,3.751875,3.357,3.27375,3.372875,3.53825,3.436375
2024-11-21 14:42:53,0.25,3.7155,0.038875,3.755625,3.384875,3.285875,3.410375,3.60325,3.5340000000000003
2024-11-21 14:42:53,0.25,3.718,0.035125,3.755625,3.387375,3.2815,3.4082500000000002,3.608,3.5315
2024-11-21 14:42:53,0.25,3.7155,0.037625,3.7531250000000003,3.392375,3.278375,3.407375,3.607125,3.53375
2024-11-21 14:42:54,0.25,3.713,0.037625,3.755625,3.392375,3.27525,3.407375,3.606625,3.5375
2024-11-21 14:42:54,0.25,3.7155,0.037625,3.7531250000000003,3.392375,3.2745,3.40625,3.607125,3.53775
2024-11-21 14:42:54,0.25,3.718,0.037625,3.7531250000000003,3.389875,3.271375,3.405875,3.607625,3.536125
2024-11-21 14:42:55,0.25,3.61,0.033875,3.7531250000000003,3.371875,3.227375,3.38125,3.5881250000000002,3.494875
2024-11-21 14:42:55,0.25,3.1865,0.010750000000000001,3.707875,3.2605,3.040125,3.278,3.3805,3.196375
2024-11-21 14:42:55,0.25,3.11925,0.009375,3.699875,3.2385,3.035,3.264875,3.339125,3.146875
2024-11-21 14:42:56,0.25,3.1165000000000003,0.009125,3.688875,3.232625,3.0412500000000002,3.262875,3.32175,3.13675
2024-11-21 14:42:56,0.25,3.123,0.00875,3.6805,3.227375,3.0435,3.2645,3.329,3.142
2024-11-21 14:42:56,0.25,3.13625,0.00925,3.70475,3.236,3.06225,3.2680000000000002,3.337,3.13625
2024-11-21 14:42:57,0.25,3.1445,0.009875,3.710875,3.23875,3.0635,3.2683750000000003,3.338,3.136625
2024-11-21 14:42:57,0.25,3.1235,0.009125,3.693375,3.226875,3.047125,3.261875,3.319375,3.1201250000000003
2024-11-21 14:42:57,0.25,3.14725,0.00925,3.710375,3.2345,3.066375,3.2676250000000002,3.33475,3.135125
2024-11-21 14:42:57,0.25,3.1470000000000002,0.009625,3.7115,3.23475,3.062375,3.267125,3.3335,3.12825
2024-11-21 14:42:58,0.25,3.148,0.009625,3.7098750000000003,3.235125,3.0585,3.2675,3.328125,3.126875
2024-11-21 14:42:58,0.25,3.1445,0.00925,3.70525,3.232125,3.061,3.268125,3.328125,3.129
2024-11-21 14:42:58,0.25,3.15325,0.0095,3.711625,3.23125,3.06175,3.26675,3.3276250000000003,3.120625
2024-11-21 14:42:59,0.25,3.14575,0.009375,3.711125,3.232125,3.061125,3.266625,3.3276250000000003,3.123
2024-11-21 14:42:59,0.25,3.154875,0.009625,3.7115,3.236125,3.064125,3.269,3.330375,3.129
2024-11-21 14:42:59,0.25,3.15125,0.009375,3.711125,3.231625,3.06,3.267,3.324875,3.1233750000000002
2024-11-21 14:43:00,0.25,3.147625,0.0095,3.710875,3.228875,3.060625,3.266125,3.326,3.1195
2024-11-21 14:43:00,0.25,3.15125,0.009625,3.7106250000000003,3.232,3.061875,3.26575,3.3232500000000003,3.115875
2024-11-21 14:43:00,0.25,3.1506250000000002,0.009625,3.70875,3.232875,3.060625,3.26675,3.32175,3.1197500000000002
2024-11-21 14:43:01,0.25,3.1545,0.009625,3.71125,3.230625,3.059125,3.266,3.32275,3.11825
2024-11-21 14:43:01,0.25,3.160625,0.00975,3.7102500000000003,3.230625,3.0645000000000002,3.267125,3.3255,3.11775
2024-11-21 14:43:01,0.25,3.16075,0.009875,3.708,3.23525,3.06875,3.268875,3.328625,3.12025
2024-11-21 14:43:02,0.25,3.162875,0.01,3.70875,3.236125,3.062875,3.2675,3.322125,3.116375
2024-11-21 14:43:02,0.25,3.099,0.008875000000000001,3.683125,3.212875,3.036625,3.262125,3.3175,3.11875
2024-11-21 14:43:02,0.25,3.59775,0.035125,3.755625,3.3773750000000002,3.3395,3.420375,3.58825,3.52175
2024-11-21 14:43:03,0.25,3.723125,0.040125,3.7531250000000003,3.387375,3.28975,3.4086250000000002,3.598875,3.52825
2024-11-21 14:43:03,0.25,3.723125,0.042625,3.7531250000000003,3.392375,3.282375,3.409125,3.60325,3.533
2024-11-21 14:43:03,0.25,3.720625,0.040125,3.7531250000000003,3.392375,3.28125,3.4086250000000002,3.604,3.536375
2024-11-21 14:43:04,0.25,3.723125,0.040125,3.7531250000000003,3.389875,3.2796250000000002,3.407375,3.604625,3.535875
2024-11-21 14:43:04,0.25,3.723125,0.040125,3.7531250000000003,3.392375,3.2765,3.4057500000000003,3.606875,3.533875
2024-11-21 14:43:04,0.25,3.718,0.040125,3.7531250000000003,3.392375,3.274875,3.4057500000000003,3.606875,3.534625
2024-11-21 14:43:05,0.25,3.7155,0.040125,3.755625,3.392375,3.273625,3.40425,3.603125,3.535875
2024-11-21 14:43:05,0.25,3.033375,0.009375,3.7022500000000003,3.236875,3.01625,3.274125,3.42975,3.267875
2024-11-21 14:43:05,0.25,2.9707500000000002,0.0085,3.66725,3.211,2.9991250000000003,3.25725,3.389125,3.20425
2024-11-21 14:43:06,0.25,2.9745,0.00875,3.6755,3.212875,3.015625,3.259,3.3885,3.1946250000000003
2024-11-21 14:43:06,0.25,2.95275,0.008625,3.6481250000000003,3.204875,3.002625,3.255625,3.3775,3.197625
2024-11-21 14:43:06,0.25,2.9086250000000002,0.008375,3.6325000000000003,3.19975,3.002625,3.254625,3.3621250000000003,3.19225
2024-11-21 14:43:07,0.25,2.94375,0.008375,3.648625,3.21125,3.03425,3.26125,3.373,3.200125
2024-11-21 14:43:07,0.25,2.956375,0.008375,3.6495,3.206,3.0227500000000003,3.259,3.370375,3.189125
2024-11-21 14:43:07,0.25,2.952375,0.008375,3.652625,3.204125,3.02175,3.25525,3.3675,3.174
2024-11-21 14:43:08,0.25,2.9678750000000003,0.008375,3.6555,3.2085,3.02375,3.25725,3.3655,3.176
2024-11-21 14:43:08,0.25,2.963375,0.008625,3.653375,3.20775,3.023875,3.258,3.36775,3.1785
2024-11-21 14:43:08,0.25,2.992375,0.00875,3.6702500000000002,3.21275,3.0380000000000003,3.2595,3.374,3.178
2024-11-21 14:43:09,0.25,2.989875,0.008625,3.66725,3.2102500000000003,3.030125,3.258,3.3735,3.17375
2024-11-21 14:43:09,0.25,2.976375,0.0085,3.66025,3.2106250000000003,3.0285,3.259125,3.3725,3.176
2024-11-21 14:43:09,0.25,2.980875,0.008625,3.664,3.212125,3.02825,3.25925,3.372125,3.180125
2024-11-21 14:43:10,0.25,2.982,0.0085,3.6633750000000003,3.2106250000000003,3.026125,3.258375,3.365125,3.172375
2024-11-21 14:43:10,0.25,3.001125,0.00875,3.6775,3.21525,3.039875,3.26275,3.382,3.18725
2024-11-21 14:43:10,0.25,2.998625,0.008875000000000001,3.685,3.2146250000000003,3.04075,3.2615000000000003,3.383375,3.17925
2024-11-21 14:43:10,0.25,3.0135,0.00925,3.6906250000000003,3.212375,3.0225,3.254,3.3725,3.165
2024-11-21 14:43:11,0.25,2.964625,0.00875,3.6665,3.20975,3.034625,3.2625,3.378625,3.187375
2024-11-21 14:43:11,0.25,3.743125,0.052625,3.7531250000000003,3.387375,3.32875,3.414875,3.59925,3.5175
2024-11-21 14:43:11,0.25,3.738125,0.042625,3.755625,3.392375,3.294125,3.410375,3.6012500000000003,3.53375
2024-11-21 14:43:12,0.25,3.730625,0.040125,3.7531250000000003,3.392375,3.286625,3.407,3.6035,3.53375
2024-11-21 14:43:12,0.25,3.725625,0.042625,3.7531250000000003,3.392375,3.27875,3.406,3.6048750000000003,3.53525
2024-11-21 14:43:12,0.25,3.725625,0.040125,3.7531250000000003,3.394875,3.2775,3.407125,3.6037500000000002,3.538625
2024-11-21 14:43:13,0.25,3.725625,0.040125,3.7531250000000003,3.394875,3.27775,3.406,3.60475,3.5383750000000003
2024-11-21 14:43:13,0.25,3.725625,0.040125,3.7531250000000003,3.392375,3.2767500000000003,3.40525,3.605375,3.5372500000000002
2024-11-21 14:43:13,0.25,3.725625,0.040125,3.7531250000000003,3.392375,3.276625,3.40475,3.607375,3.535625
2024-11-21 14:43:14,0.25,3.723125,0.040125,3.755625,3.3973750000000003,3.273625,3.404375,3.6065,3.536125
2024-11-21 14:43:14,0.25,3.720625,0.040125,3.7531250000000003,3.3973750000000003,3.27375,3.404375,3.605875,3.539875
2024-11-21 14:43:14,0.25,3.26225,0.030125,3.7495000000000003,3.314625,3.07375,3.315,3.595,3.473
2024-11-21 14:43:15,0.25,2.5835,0.00825,3.654,3.185625,2.9602500000000003,3.244,3.453625,3.32775
2024-11-21 14:43:15,0.25,2.591125,0.00825,3.634375,3.1833750000000003,2.972125,3.24175,3.434625,3.3075
2024-11-21 14:43:15,0.25,2.601,0.008125,3.62075,3.176,2.94575,3.231375,3.410875,3.295875
2024-11-21 14:43:16,0.25,2.59675,0.008125,3.6201250000000003,3.17875,2.95125,3.234,3.4085,3.30075
2024-11-21 14:43:16,0.25,2.599375,0.008375,3.6237500000000002,3.17675,2.950375,3.2338750000000003,3.408375,3.3003750000000003
2024-11-21 14:43:16,0.25,2.606125,0.00825,3.62875,3.176,2.9555000000000002,3.2365,3.415625,3.30075
2024-11-21 14:43:17,0.25,2.59725,0.00825,3.62325,3.177125,2.958875,3.23725,3.411125,3.2960000000000003
2024-11-21 14:43:17,0.25,2.61,0.0085,3.627625,3.1793750000000003,2.9615,3.238875,3.4145,3.297125
2024-11-21 14:43:17,0.25,2.60475,0.00825,3.6197500000000002,3.1753750000000003,2.9455,3.23575,3.40875,3.294625
2024-11-21 14:43:18,0.25,2.622875,0.008125,3.622875,3.177125,2.9566250000000003,3.23775,3.40875,3.293375
2024-11-21 14:43:18,0.25,2.662375,0.00825,3.6393750000000002,3.184375,2.981,3.242375,3.421875,3.3000000000000003
2024-11-21 14:43:18,0.25,2.7155,0.0085,3.6561250000000003,3.201125,3.03025,3.25,3.4246250000000003,3.297625
2024-11-21 14:43:19,0.25,2.7567500000000003,0.0085,3.6525,3.201125,3.0220000000000002,3.248625,3.4162500000000002,3.29325
2024-11-21 14:43:19,0.25,2.666125,0.008375,3.61525,3.17575,2.9518750000000002,3.236125,3.396375,3.27925
2024-11-21 14:43:19,0.25,2.670875,0.008125,3.625625,3.184875,2.979625,3.2435,3.4055,3.2855
2024-11-21 14:43:20,0.25,2.67525,0.00825,3.624375,3.17925,2.96725,3.2405,3.40775,3.285875
2024-11-21 14:43:20,0.25,2.626,0.00825,3.6195,3.176625,2.964125,3.239875,3.408,3.2855
2024-11-21 14:43:20,0.25,2.598875,0.00825,3.609875,3.173375,2.9482500000000003,3.2345,3.3941250000000003,3.2755
2024-11-21 14:43:21,0.25,2.633625,0.00825,3.62175,3.175625,2.95575,3.23625,3.4017500000000003,3.283
2024-11-21 14:43:21,0.25,2.69,0.008375,3.646125,3.189,2.999,3.243,3.412125,3.283875
2024-11-21 14:43:21,0.25,2.5801250000000002,0.00825,3.603125,3.172125,2.957375,3.236625,3.3915,3.274375
2024-11-21 14:43:22,0.25,2.6395,0.0085,3.607875,3.182375,2.980125,3.241625,3.393625,3.278
2024-11-21 14:43:22,0.25,2.708625,0.008375,3.6317500000000003,3.186,2.984375,3.241,3.406,3.2865
2024-11-21 14:43:22,0.25,2.74325,0.0085,3.6595,3.1950000000000003,3.01275,3.24625,3.425125,3.290125
2024-11-21 14:43:22,0.25,2.677125,0.00825,3.626375,3.180375,2.9735,3.24,3.407875,3.280125
2024-11-21 14:43:23,0.25,2.699875,0.008375,3.63375,3.18925,2.99825,3.24275,3.404,3.2716250000000002
2024-11-21 14:43:23,0.25,3.507625,0.033875,3.7531250000000003,3.3773750000000002,3.37675,3.41425,3.590625,3.520625
2024-11-21 14:43:23,0.25,3.745625,0.050125,3.7531250000000003,3.3973750000000003,3.301125,3.413125,3.603,3.531875
2024-11-21 14:43:24,0.25,3.740625,0.045125,3.755625,3.3973750000000003,3.2872500000000002,3.409125,3.6005000000000003,3.53125
2024-11-21 14:43:24,0.25,3.738125,0.045125,3.7531250000000003,3.3973750000000003,3.279125,3.4090000000000003,3.60025,3.5375
2024-11-21 14:43:24,0.25,3.738125,0.042625,3.755625,3.394875,3.27925,3.40625,3.6025,3.5343750000000003
2024-11-21 14:43:25,0.25,3.7331250000000002,0.042625,3.755625,3.3973750000000003,3.2771250000000003,3.4057500000000003,3.603375,3.535375
2024-11-21 14:43:25,0.25,3.730625,0.042625,3.7531250000000003,3.3973750000000003,3.274125,3.406375,3.603375,3.539375
2024-11-21 14:43:25,0.25,3.728125,0.040125,3.7531250000000003,3.394875,3.274375,3.405875,3.603125,3.539625
2024-11-21 14:43:26,0.25,3.730625,0.040125,3.755625,3.394875,3.273875,3.4045,3.6048750000000003,3.537125
2024-11-21 14:43:26,0.25,3.728125,0.042625,3.7531250000000003,3.3973750000000003,3.2723750000000003,3.4046250000000002,3.6055,3.5423750000000003
2024-11-21 14:43:26,0.25,2.113375,0.033875,3.751875,3.275875,2.9345,3.2555,3.5728750000000002,3.456
2024-11-21 14:43:27,0.25,0.672125,0.01225,3.719125,3.188375,2.871375,3.197125,3.477625,3.3937500000000003
2024-11-21 14:43:27,0.25,0.5925,0.0105,3.711875,3.177125,2.83325,3.1910000000000003,3.4545,3.368625
2024-11-21 14:43:27,0.25,0.6411250000000001,0.010375,3.70725,3.1826250000000003,2.8468750000000003,3.1950000000000003,3.446125,3.359
2024-11-21 14:43:28,0.25,0.69125,0.01025,3.706875,3.18675,2.87525,3.202375,3.458,3.3773750000000002
2024-11-21 14:43:28,0.25,0.5640000000000001,0.010375,3.7070000000000003,3.18075,2.860375,3.201625,3.462,3.39025
2024-11-21 14:43:28,0.25,0.52475,0.011125,3.71975,3.160625,2.872625,3.1938750000000002,3.30425,3.387125
2024-11-21 14:43:29,0.25,0.70625,0.010375,3.7085,3.18575,2.87075,3.20325,3.452875,3.37925
2024-11-21 14:43:29,0.25,0.685125,0.01025,3.70775,3.185625,2.876625,3.196375,3.4061250000000003,3.380375
2024-11-21 14:43:29,0.25,0.580875,0.01025,3.707375,3.183625,2.8628750000000003,3.203875,3.45575,3.383125
2024-11-21 14:43:30,0.25,0.595,0.011,3.714875,3.138375,2.905625,3.225,3.531625,3.439
2024-11-21 14:43:30,0.25,0.69275,0.010125,3.7098750000000003,3.1885,2.8770000000000002,3.206125,3.474875,3.3845
2024-11-21 14:43:30,0.25,0.768,0.02275,3.744125,3.151625,2.9290000000000003,3.2683750000000003,3.564,3.407
2024-11-21 14:43:31,0.25,0.81925,0.00925,3.71075,3.18475,2.870625,3.206375,3.44725,3.371
2024-11-21 14:43:31,0.25,0.8605,0.00975,3.7091250000000002,3.185,2.866625,3.20575,3.441625,3.37325
2024-11-21 14:43:31,0.25,0.626,0.0095,3.7045,3.178125,2.847375,3.1995,3.439375,3.37675
2024-11-21 14:43:32,0.25,0.36475,0.009000000000000001,3.7070000000000003,3.1822500000000002,2.91575,3.210375,3.4562500000000003,3.37725
2024-11-21 14:43:32,0.25,1.7068750000000001,0.025500000000000002,3.747875,3.3000000000000003,3.307875,3.328125,3.5975,3.516875
2024-11-21 14:43:32,0.25,3.750625,0.060125,3.7531250000000003,3.399875,3.303125,3.4130000000000003,3.5605,3.5415
2024-11-21 14:43:33,0.25,3.745625,0.052625,3.7531250000000003,3.404875,3.2876250000000002,3.408,3.587,3.5555
2024-11-21 14:43:33,0.25,3.743125,0.047625,3.755625,3.399875,3.28275,3.4082500000000002,3.6225,3.5856250000000003
2024-11-21 14:43:33,0.25,3.738125,0.042625,3.7531250000000003,3.3973750000000003,3.280125,3.406875,3.595875,3.541125
2024-11-21 14:43:34,0.25,3.7331250000000002,0.040125,3.7531250000000003,3.3973750000000003,3.279375,3.4086250000000002,3.599875,3.54225
2024-11-21 14:43:34,0.25,3.725625,0.042625,3.7531250000000003,3.399875,3.277625,3.406375,3.598375,3.544875
2024-11-21 14:43:34,0.25,3.725625,0.040125,3.7531250000000003,3.3973750000000003,3.2755,3.4046250000000002,3.6008750000000003,3.54325
2024-11-21 14:43:35,0.25,3.723125,0.040125,3.7531250000000003,3.3973750000000003,3.2795,3.403125,3.601875,3.534625
2024-11-21 14:43:35,0.25,3.152125,0.0205,3.7375000000000003,3.285375,2.9375,3.225625,3.4345,2.915125
2024-11-21 14:43:35,0.25,2.9825,0.009125,3.698,3.247125,2.925125,3.2051250000000002,3.3901250000000003,2.852875
2024-11-21 14:43:35,0.25,2.9863750000000002,0.009125,3.6793750000000003,3.245625,2.93825,3.209375,3.39,2.836
2024-11-21 14:43:36,0.25,2.9722500000000003,0.0085,3.6605,3.244875,2.95575,3.211625,3.37475,2.7985
2024-11-21 14:43:36,0.25,2.97525,0.0085,3.649625,3.247,2.95475,3.210125,3.36525,2.7945
2024-11-21 14:43:36,0.25,2.980875,0.0085,3.64625,3.245,2.944125,3.20825,3.357,2.782
2024-11-21 14:43:37,0.25,2.9682500000000003,0.0085,3.64975,3.241625,2.946,3.2062500000000003,3.357125,2.771375
2024-11-21 14:43:37,0.25,2.97025,0.0085,3.652875,3.243875,2.96075,3.2106250000000003,3.36925,2.7975
2024-11-21 14:43:37,0.25,2.97425,0.00825,3.6485,3.24625,2.957625,3.211125,3.3625000000000003,2.7915
2024-11-21 14:43:38,0.25,2.970875,0.00825,3.6475,3.24575,2.957125,3.211375,3.361,2.793
2024-11-21 14:43:38,0.25,2.993,0.0085,3.658,3.246125,2.967625,3.213625,3.3701250000000003,2.7975
2024-11-21 14:43:38,0.25,2.964375,0.00875,3.650125,3.2415000000000003,2.95525,3.208125,3.3657500000000002,2.78625
2024-11-21 14:43:39,0.25,2.9865,0.0085,3.657125,3.248625,2.972,3.214375,3.3697500000000002,2.797
2024-11-21 14:43:39,0.25,2.984125,0.008625,3.655625,3.247625,2.961,3.2125,3.36875,2.8015
2024-11-21 14:43:39,0.25,2.976625,0.0085,3.654375,3.244,2.9598750000000003,3.212125,3.3741250000000003,2.8115
2024-11-21 14:43:40,0.25,2.9671250000000002,0.008375,3.6545,3.242875,2.953625,3.2105,3.369625,2.7925
2024-11-21 14:43:40,0.25,2.96625,0.008125,3.649,3.245375,2.959375,3.212625,3.37075,2.80125
2024-11-21 14:43:40,0.25,3.006875,0.010125,3.674375,3.2567500000000003,3.0005,3.2325,3.43275,2.820625
2024-11-21 14:43:41,0.25,2.96275,0.008625,3.643125,3.2447500000000002,2.9551250000000002,3.212125,3.361625,2.795375
2024-11-21 14:43:41,0.25,2.976625,0.0085,3.6505,3.2435,2.958125,3.21175,3.366375,2.793375
2024-11-21 14:43:41,0.25,2.978625,0.008625,3.65525,3.244875,2.968875,3.2142500000000003,3.3773750000000002,2.80375
2024-11-21 14:43:42,0.25,2.9707500000000002,0.008125,3.64625,3.2455000000000003,2.9598750000000003,3.21175,3.3617500000000002,2.78625
2024-11-21 14:43:42,0.25,2.9645,0.008375,3.655625,3.245375,2.951125,3.21,3.353375,2.774
2024-11-21 14:43:42,0.25,2.9595000000000002,0.008375,3.639875,3.244875,2.950875,3.212,3.3613750000000002,2.7985
2024-11-21 14:43:43,0.25,2.885875,0.007875,3.5925000000000002,3.228625,2.910875,3.1985,3.33425,2.716125
2024-11-21 14:43:43,0.25,3.5111250000000003,0.024,3.74775,3.362,3.381625,3.3905000000000003,3.6117500000000002,3.48225
2024-11-21 14:43:43,0.25,3.750625,0.050125,3.7531250000000003,3.402375,3.302625,3.4085,3.616625,3.5452500000000002
2024-11-21 14:43:44,0.25,3.745625,0.050125,3.750625,3.402375,3.28925,3.406,3.609125,3.548125
2024-11-21 14:43:44,0.25,3.743125,0.045125,3.7531250000000003,3.399875,3.282625,3.404,3.60675,3.5505
2024-11-21 14:43:44,0.25,3.740625,0.045125,3.7531250000000003,3.402375,3.27925,3.402625,3.607375,3.549125
2024-11-21 14:43:45,0.25,3.738125,0.045125,3.7531250000000003,3.402375,3.276125,3.403,3.607125,3.552375
2024-11-21 14:43:45,0.25,3.735625,0.045125,3.7531250000000003,3.402375,3.2735,3.402875,3.607125,3.5565
2024-11-21 14:43:45,0.25,3.738125,0.042625,3.7531250000000003,3.399875,3.27475,3.4015,3.608375,3.5536250000000003
2024-11-21 14:43:46,0.25,3.743125,0.047625,3.755625,3.402375,3.273375,3.40125,3.613875,3.551
2024-11-21 14:43:46,0.25,3.730625,0.042625,3.7531250000000003,3.402375,3.271875,3.401875,3.6075,3.5536250000000003
2024-11-21 14:43:46,0.25,3.728125,0.040125,3.7531250000000003,3.399875,3.271125,3.401875,3.60675,3.554875
2024-11-21 14:43:47,0.25,3.730625,0.040125,3.7531250000000003,3.399875,3.2691250000000003,3.40125,3.6075,3.552375
2024-11-21 14:43:47,0.25,3.730625,0.040125,3.7531250000000003,3.3973750000000003,3.272125,3.4010000000000002,3.608625,3.55125
2024-11-21 14:43:47,0.25,3.725625,0.042625,3.7531250000000003,3.402375,3.270125,3.402375,3.607125,3.553875
2024-11-21 14:43:48,0.25,3.725625,0.040125,3.7531250000000003,3.404875,3.2720000000000002,3.4017500000000003,3.6075,3.55525
2024-11-21 14:43:48,0.25,3.728125,0.040125,3.7531250000000003,3.3973750000000003,3.2691250000000003,3.4010000000000002,3.6085000000000003,3.552125
2024-11-21 14:43:48,0.25,3.3935,0.017750000000000002,3.732875,3.32425,3.036,3.2805,3.44175,2.663625
2024-11-21 14:43:48,0.25,3.107125,0.008125,3.563625,3.271,2.9885,3.207375,3.313375,2.374875
2024-11-21 14:43:49,0.25,3.118375,0.00825,3.5427500000000003,3.261,2.986875,3.202375,3.31,2.32125
2024-11-21 14:43:49,0.25,3.12025,0.008125,3.551,3.265,3.01625,3.21075,3.332625,2.358375
2024-11-21 14:43:49,0.25,3.11375,0.008125,3.539625,3.264125,3.003375,3.2062500000000003,3.308875,2.327875
2024-11-21 14:43:50,0.25,3.09075,0.008125,3.520125,3.26325,2.9885,3.204375,3.290625,2.32625
2024-11-21 14:43:50,0.25,3.115125,0.008,3.529125,3.262625,3.0125,3.20825,3.296625,2.324875
2024-11-21 14:43:50,0.25,3.131875,0.008125,3.53575,3.263,3.01975,3.20675,3.3003750000000003,2.3112500000000002
2024-11-21 14:43:51,0.25,3.125,0.008375,3.5325,3.2645,3.017125,3.207625,3.304875,2.310625
2024-11-21 14:43:51,0.25,3.126875,0.008125,3.534125,3.266625,3.023,3.210125,3.308125,2.32825
2024-11-21 14:43:51,0.25,3.1317500000000003,0.008375,3.5332500000000002,3.2655,3.0155,3.20575,3.298625,2.3032500000000002
2024-11-21 14:43:52,0.25,3.138125,0.00825,3.5383750000000003,3.26325,3.0155,3.205375,3.305375,2.307375
2024-11-21 14:43:52,0.25,3.136,0.008125,3.54175,3.2635,3.023,3.20875,3.314625,2.317
2024-11-21 14:43:52,0.25,3.1295,0.008,3.533,3.263875,3.015625,3.207,3.3065,2.318125
2024-11-21 14:43:53,0.25,3.138875,0.008125,3.536375,3.266125,3.018125,3.207625,3.30525,2.31025
2024-11-21 14:43:53,0.25,3.13425,0.007875,3.529125,3.2635,3.01175,3.2051250000000002,3.301125,2.30875
2024-11-21 14:43:53,0.25,3.138875,0.008375,3.533875,3.262125,3.01175,3.203875,3.295875,2.310625
2024-11-21 14:43:54,0.25,3.137,0.008125,3.5256250000000002,3.262625,2.9871250000000003,3.20475,3.264875,2.2920000000000003
2024-11-21 14:43:54,0.25,3.12475,0.008125,3.5235,3.2603750000000002,3.013625,3.206875,3.337875,2.293875
2024-11-21 14:43:54,0.25,3.129125,0.00825,3.5271250000000003,3.2635,3.0103750000000002,3.2025,3.297875,2.2912500000000002
2024-11-21 14:43:55,0.25,3.131625,0.008125,3.52975,3.264125,3.0145,3.2105,3.304125,2.318125
2024-11-21 14:43:55,0.25,3.145625,0.007875,3.53675,3.264625,3.031625,3.213,3.309625,2.32025
2024-11-21 14:43:55,0.25,3.142375,0.007875,3.5376250000000002,3.263625,3.0255,3.2085,3.3165,2.326
2024-11-21 14:43:56,0.25,3.144,0.008125,3.537,3.264625,3.08575,3.216125,3.314625,2.32375
2024-11-21 14:43:56,0.25,3.13625,0.008125,3.5335,3.267875,3.02,3.208625,3.30825,2.3192500000000003
2024-11-21 14:43:56,0.25,3.1385,0.00825,3.536875,3.266875,3.02175,3.21,3.3112500000000002,2.330375
2024-11-21 14:43:57,0.25,3.154375,0.008,3.555375,3.26525,3.069375,3.2235,3.31075,2.31475
2024-11-21 14:43:57,0.25,3.134125,0.008125,3.5225,3.260125,2.992875,3.1978750000000002,3.29375,2.285625
2024-11-21 14:43:57,0.25,3.16875,0.008,3.53125,3.25975,2.981375,3.179875,3.243875,2.165625
2024-11-21 14:43:58,0.25,3.750625,0.047625,3.7531250000000003,3.412375,3.335,3.407375,3.633,3.53225
2024-11-21 14:43:58,0.25,3.743125,0.047625,3.755625,3.399875,3.2963750000000003,3.4,3.61625,3.541375
2024-11-21 14:43:58,0.25,3.740625,0.045125,3.7531250000000003,3.402375,3.286875,3.4006250000000002,3.6113750000000002,3.5503750000000003
2024-11-21 14:43:59,0.25,3.735625,0.045125,3.7531250000000003,3.399875,3.281875,3.39925,3.611125,3.5543750000000003
2024-11-21 14:43:59,0.25,3.738125,0.040125,3.7531250000000003,3.399875,3.2800000000000002,3.39825,3.612,3.553125
2024-11-21 14:43:59,0.25,3.730625,0.045125,3.7531250000000003,3.402375,3.279,3.397875,3.612375,3.555
2024-11-21 14:44:00,0.25,3.728125,0.042625,3.7531250000000003,3.402375,3.277,3.3995,3.613,3.5595
2024-11-21 14:44:00,0.25,3.7331250000000002,0.042625,3.7531250000000003,3.399875,3.27475,3.3981250000000003,3.612625,3.5595
2024-11-21 14:44:00,0.25,3.728125,0.040125,3.7531250000000003,3.3973750000000003,3.274,3.3981250000000003,3.61425,3.5572500000000002
2024-11-21 14:44:01,0.25,3.725625,0.040125,3.7531250000000003,3.402375,3.2720000000000002,3.399375,3.6135,3.559875
2024-11-21 14:44:01,0.25,3.725625,0.042625,3.7531250000000003,3.399875,3.269875,3.398875,3.612375,3.562625
2024-11-21 14:44:01,0.25,3.728125,0.040125,3.7531250000000003,3.399875,3.269875,3.397625,3.613125,3.56025
2024-11-21 14:44:01,0.25,3.725625,0.040125,3.7531250000000003,3.3973750000000003,3.2725,3.3973750000000003,3.6145,3.55925
2024-11-21 14:44:02,0.25,3.723125,0.040125,3.7531250000000003,3.402375,3.2723750000000003,3.398375,3.613125,3.561875
2024-11-21 14:44:02,0.25,3.723125,0.040125,3.7531250000000003,3.399875,3.271875,3.398875,3.61275,3.563875
2024-11-21 14:44:02,0.25,3.6717500000000003,0.031125,3.749375,3.363375,3.142,3.34425,3.520875,2.801625
2024-11-21 14:44:03,0.25,3.28225,0.008,3.546625,3.290625,3.0195,3.2251250000000002,3.344125,1.96575
2024-11-21 14:44:03,0.25,3.297125,0.007875,3.5296250000000002,3.286125,3.036,3.205375,3.310625,1.857875
2024-11-21 14:44:03,0.25,3.234,0.008125,3.47925,3.2771250000000003,3.039625,3.207625,3.318375,1.9116250000000001
2024-11-21 14:44:04,0.25,3.246875,0.008375,3.474625,3.27475,3.040875,3.206875,3.31675,1.8755
2024-11-21 14:44:04,0.25,3.265,0.008375,3.484,3.275125,3.04725,3.207125,3.3165,1.8571250000000001
2024-11-21 14:44:04,0.25,3.25725,0.008,3.48775,3.2771250000000003,3.0540000000000003,3.210125,3.336,1.908875
2024-11-21 14:44:05,0.25,3.261875,0.00825,3.4838750000000003,3.277,3.044625,3.20325,3.315375,1.840375
2024-11-21 14:44:05,0.25,3.250125,0.008,3.46375,3.2760000000000002,3.0415,3.201375,3.305125,1.83725
2024-11-21 14:44:05,0.25,3.259875,0.008125,3.4775,3.2765,3.051,3.20725,3.32175,1.859
2024-11-21 14:44:06,0.25,3.26375,0.008,3.484625,3.2755,3.05525,3.210125,3.336875,1.89075
2024-11-21 14:44:06,0.25,3.381875,0.008875000000000001,3.621875,3.2875,3.158,3.291,3.5976250000000003,1.9245
2024-11-21 14:44:06,0.25,3.2600000000000002,0.00825,3.47825,3.276625,3.051125,3.207125,3.32875,1.85625
2024-11-21 14:44:07,0.25,3.265875,0.00825,3.4863750000000002,3.27,3.0915,3.234125,3.42375,1.89325
2024-11-21 14:44:07,0.25,3.285625,0.008125,3.4885,3.253,3.11225,3.232375,3.35425,1.901875
2024-11-21 14:44:07,0.25,3.280875,0.008125,3.50375,3.226125,3.102375,3.240125,3.336875,1.92175
2024-11-21 14:44:08,0.25,3.278,0.008125,3.486125,3.2665,3.059,3.21075,3.3365,1.88725
2024-11-21 14:44:08,0.25,3.2691250000000003,0.00825,3.5405,3.215125,3.12125,3.204875,3.4707500000000002,1.8711250000000001
2024-11-21 14:44:08,0.25,3.262,0.008,3.488875,3.263125,3.0616250000000003,3.206125,3.3280000000000003,1.829625
2024-11-21 14:44:09,0.25,3.26825,0.008125,3.510625,3.2912500000000002,3.14725,3.27225,3.423125,2.44475
2024-11-21 14:44:09,0.25,3.743125,0.047625,3.7531250000000003,3.407375,3.315125,3.404125,3.639625,3.52425
2024-11-21 14:44:09,0.25,3.745625,0.052625,3.755625,3.407375,3.313625,3.4065,3.642375,3.53425
2024-11-21 14:44:10,0.25,3.743125,0.047625,3.7531250000000003,3.402375,3.2807500000000003,3.397875,3.621125,3.545125
2024-11-21 14:44:10,0.25,3.7331250000000002,0.042625,3.7531250000000003,3.399875,3.280875,3.39675,3.6235,3.547625
2024-11-21 14:44:10,0.25,3.728125,0.040125,3.7531250000000003,3.399875,3.2745,3.3857500000000003,3.62175,3.539375
2024-11-21 14:44:11,0.25,3.7331250000000002,0.042625,3.7531250000000003,3.402375,3.277375,3.395125,3.610875,3.545
2024-11-21 14:44:11,0.25,3.725625,0.040125,3.7531250000000003,3.402375,3.2695,3.395375,3.61475,3.551875
2024-11-21 14:44:11,0.25,3.723125,0.040125,3.7531250000000003,3.399875,3.268625,3.39625,3.613625,3.5565
2024-11-21 14:44:12,0.25,3.725625,0.040125,3.7531250000000003,3.3973750000000003,3.271,3.396,3.617,3.5568750000000002
2024-11-21 14:44:12,0.25,3.725625,0.040125,3.7531250000000003,3.394875,3.268875,3.395375,3.618,3.5555
2024-11-21 14:44:12,0.25,3.704875,0.03075,3.750125,3.37325,3.192875,3.37025,3.584625,2.8515
2024-11-21 14:44:13,0.25,3.5325,0.008875000000000001,3.625625,3.318,3.109375,3.235125,3.419375,1.356875
2024-11-21 14:44:13,0.25,3.399625,0.0085,3.46775,3.286375,3.05675,3.188375,3.3885,1.380625
2024-11-21 14:44:13,0.25,3.4125,0.00825,3.4855,3.290625,3.085125,3.198375,3.391125,1.3647500000000001
2024-11-21 14:44:13,0.25,3.417125,0.008375,3.479375,3.286375,3.0808750000000003,3.18725,3.381625,1.27625
2024-11-21 14:44:14,0.25,3.42475,0.008375,3.4795000000000003,3.287,3.083625,3.185375,3.379,1.282
2024-11-21 14:44:14,0.25,3.414875,0.008125,3.472875,3.2875,3.082875,3.188875,3.39125,1.32025
2024-11-21 14:44:14,0.25,3.413875,0.008125,3.4795000000000003,3.290375,3.08725,3.1935000000000002,3.397875,1.32975
2024-11-21 14:44:15,0.25,3.424875,0.008,3.484625,3.29175,3.0997500000000002,3.19875,3.4093750000000003,1.3687500000000001
2024-11-21 14:44:15,0.25,3.422,0.008125,3.4835000000000003,3.289375,3.091375,3.193,3.410125,1.3415000000000001
2024-11-21 14:44:15,0.25,3.421875,0.00825,3.4871250000000003,3.29,3.092,3.193375,3.41275,1.334875
2024-11-21 14:44:16,0.25,3.42375,0.008375,3.489875,3.292125,3.097,3.196125,3.4093750000000003,1.3245
2024-11-21 14:44:16,0.25,3.42325,0.008,3.4855,3.292875,3.093875,3.194875,3.4061250000000003,1.34525
2024-11-21 14:44:16,0.25,3.42275,0.007875,3.4758750000000003,3.2895,3.08475,3.188125,3.412125,1.3058750000000001
2024-11-21 14:44:17,0.25,3.4205,0.008375,3.47725,3.289375,3.0881250000000002,3.190875,3.439,1.349875
2024-11-21 14:44:17,0.25,3.423625,0.00825,3.480875,3.288625,3.089875,3.1946250000000003,3.413625,1.314875
2024-11-21 14:44:17,0.25,3.4195,0.00825,3.4765,3.28975,3.089875,3.2026250000000003,3.410875,1.289
2024-11-21 14:44:18,0.25,3.418125,0.007875,3.4805,3.2916250000000002,3.0957500000000002,3.203875,3.420375,1.334625
2024-11-21 14:44:18,0.25,3.426625,0.007875,3.485,3.2923750000000003,3.102875,3.1915,3.4202500000000002,1.318
2024-11-21 14:44:18,0.25,3.4305,0.008125,3.49175,3.2925,3.1085000000000003,3.194375,3.424,1.3295000000000001
2024-11-21 14:44:19,0.25,3.445875,0.008125,3.519375,3.302625,3.158875,3.208625,3.44925,1.4741250000000001
2024-11-21 14:44:19,0.25,3.42725,0.008625,3.494125,3.298,3.097375,3.196625,3.43375,1.3707500000000001
2024-11-21 14:44:19,0.25,3.4250000000000003,0.008125,3.481375,3.307125,3.137125,3.190125,3.40525,1.2650000000000001
2024-11-21 14:44:20,0.25,3.422,0.00825,3.469,3.28975,3.0855,3.185625,3.393125,1.26725
2024-11-21 14:44:20,0.25,3.42775,0.008,3.473375,3.289625,3.088375,3.184375,3.40225,1.248125
2024-11-21 14:44:20,0.25,3.4282500000000002,0.008125,3.46975,3.286875,3.083,3.1765,3.3945,1.209
2024-11-21 14:44:21,0.25,3.4238750000000002,0.008375,3.48125,3.2920000000000003,3.0957500000000002,3.193,3.41675,1.313625
2024-11-21 14:44:21,0.25,3.42275,0.008125,3.481375,3.292625,3.09475,3.1938750000000002,3.41475,1.3145
2024-11-21 14:44:21,0.25,3.43025,0.008125,3.483625,3.29075,3.0925000000000002,3.190375,3.41275,1.296
2024-11-21 14:44:22,0.25,3.4245,0.008,3.469125,3.287125,3.084,3.17875,3.3965,1.2285
2024-11-21 14:44:22,0.25,3.53825,0.009000000000000001,3.712625,3.3605,3.330625,3.391375,3.628625,3.4518750000000002
2024-11-21 14:44:22,0.25,3.723125,0.040125,3.7531250000000003,3.402375,3.288625,3.3965,3.621375,3.515875
2024-11-21 14:44:23,0.25,3.730625,0.040125,3.7531250000000003,3.3973750000000003,3.287125,3.398875,3.621125,3.52375
2024-11-21 14:44:23,0.25,3.725625,0.040125,3.7531250000000003,3.3973750000000003,3.2755,3.3945,3.621125,3.533875
2024-11-21 14:44:23,0.25,3.725625,0.040125,3.7531250000000003,3.3973750000000003,3.27325,3.399125,3.615,3.537125
2024-11-21 14:44:24,0.25,3.725625,0.040125,3.7531250000000003,3.3973750000000003,3.272125,3.394875,3.6125000000000003,3.5415
2024-11-21 14:44:24,0.25,3.725625,0.040125,3.7531250000000003,3.3973750000000003,3.273375,3.394625,3.62125,3.5423750000000003
2024-11-21 14:44:24,0.25,3.723125,0.040125,3.755625,3.3973750000000003,3.27025,3.395625,3.617625,3.545375
2024-11-21 14:44:25,0.25,3.720625,0.040125,3.7531250000000003,3.3973750000000003,3.26975,3.3973750000000003,3.618125,3.549375
2024-11-21 14:44:25,0.25,3.723125,0.040125,3.7531250000000003,3.3973750000000003,3.27125,3.395125,3.618,3.550625
2024-11-21 14:44:25,0.25,3.7110000000000003,0.010875000000000001,3.67325,3.313875,3.10825,3.190375,3.64275,0.7635000000000001
2024-11-21 14:44:26,0.25,3.6565,0.008375,3.5585,3.3068750000000002,3.1153750000000002,3.16525,3.62525,0.569125
2024-11-21 14:44:26,0.25,3.6626250000000002,0.0085,3.5575,3.302125,3.106,3.1517500000000003,3.6121250000000003,0.48762500000000003
2024-11-21 14:44:26,0.25,3.654,0.0085,3.549875,3.3005,3.11125,3.16075,3.59525,0.48462500000000003
2024-11-21 14:44:26,0.25,3.6477500000000003,0.008375,3.536875,3.2965,3.1065,3.1485,3.568,0.425875
2024-11-21 14:44:27,0.25,3.656625,0.008625,3.550625,3.299875,3.113625,3.146,3.59175,0.390375
2024-11-21 14:44:27,0.25,3.65425,0.00875,3.5528750000000002,3.303875,3.122,3.1593750000000003,3.591375,0.4625
2024-11-21 14:44:27,0.25,3.6597500000000003,0.008625,3.55625,3.3040000000000003,3.125125,3.159875,3.591625,0.476125
2024-11-21 14:44:28,0.25,3.66,0.008375,3.5565,3.3025,3.1235,3.158375,3.59375,0.48075
2024-11-21 14:44:28,0.25,3.650375,0.0085,3.553375,3.30275,3.124625,3.1677500000000003,3.5841250000000002,0.5715
2024-11-21 14:44:28,0.25,3.616,0.00825,3.531,3.2988750000000002,3.1095,3.1665,3.551375,0.594125
2024-11-21 14:44:29,0.25,3.645625,0.0085,3.557375,3.30625,3.129375,3.165625,3.591,0.517625
2024-11-21 14:44:29,0.25,3.6670000000000003,0.008625,3.5688750000000002,3.306625,3.1325000000000003,3.1626250000000002,3.608375,0.5417500000000001
2024-11-21 14:44:29,0.25,3.6662500000000002,0.0085,3.5616250000000003,3.3040000000000003,3.12825,3.15775,3.5905,0.46187500000000004
2024-11-21 14:44:30,0.25,3.663875,0.008375,3.557125,3.3032500000000002,3.1270000000000002,3.156875,3.597125,0.493375
2024-11-21 14:44:30,0.25,3.657375,0.008625,3.5545,3.3032500000000002,3.127125,3.160125,3.5955,0.518375
2024-11-21 14:44:30,0.25,3.65525,0.008375,3.555,3.3055,3.12625,3.16125,3.596,0.524875
2024-11-21 14:44:31,0.25,3.65625,0.008625,3.5568750000000002,3.30575,3.122375,3.161875,3.598875,0.542125
2024-11-21 14:44:31,0.25,3.656,0.0085,3.54375,3.301,3.117375,3.14975,3.586,0.423875
2024-11-21 14:44:31,0.25,3.6601250000000003,0.008375,3.547875,3.30075,3.121625,3.154125,3.588375,0.464375
2024-11-21 14:44:32,0.25,3.652375,0.008375,3.53925,3.298625,3.11825,3.149375,3.58,0.409375
2024-11-21 14:44:32,0.25,3.65275,0.0085,3.54725,3.3035,3.12675,3.1622500000000002,3.5845000000000002,0.49
2024-11-21 14:44:32,0.25,3.6553750000000003,0.008375,3.5416250000000002,3.3015,3.115625,3.148,3.58875,0.4015
2024-11-21 14:44:33,0.25,3.6521250000000003,0.00825,3.53525,3.29675,3.1105,3.133875,3.569125,0.20550000000000002
2024-11-21 14:44:33,0.25,3.6395,0.008375,3.5307500000000003,3.29775,3.113875,3.161625,3.5583750000000003,0.566625
2024-11-21 14:44:33,0.25,3.706875,0.032625,3.750625,3.3973750000000003,3.306,3.401125,3.59675,3.44375
2024-11-21 14:44:34,0.25,3.720625,0.037625,3.755625,3.399875,3.2771250000000003,3.398,3.586625,3.486125
2024-11-21 14:44:34,0.25,3.720625,0.037625,3.7531250000000003,3.394875,3.27525,3.403875,3.5895,3.494875
2024-11-21 14:44:34,0.25,3.718,0.040125,3.7531250000000003,3.3973750000000003,3.276625,3.3981250000000003,3.58875,3.50525
2024-11-21 14:44:35,0.25,3.718,0.040125,3.755625,3.399875,3.273375,3.396875,3.586875,3.514625
2024-11-21 14:44:35,0.25,3.718,0.040125,3.755625,3.399875,3.270625,3.396875,3.585125,3.520625
2024-11-21 14:44:35,0.25,3.720625,0.040125,3.7531250000000003,3.3973750000000003,3.2731250000000003,3.395875,3.583875,3.5216250000000002
2024-11-21 14:44:36,0.25,3.720625,0.040125,3.7531250000000003,3.3973750000000003,3.2705,3.3955,3.584375,3.52225
2024-11-21 14:44:36,0.25,3.7155,0.040125,3.7531250000000003,3.3973750000000003,3.2685,3.3966250000000002,3.582125,3.526125
2024-11-21 14:44:36,0.25,3.718,0.037625,3.755625,3.399875,3.268125,3.3965,3.58075,3.5300000000000002
2024-11-21 14:44:37,0.25,3.720625,0.037625,3.7531250000000003,3.394875,3.268125,3.39575,3.5816250000000003,3.528625
2024-11-21 14:44:37,0.25,3.720625,0.037625,3.754375,3.3973750000000003,3.270125,3.39575,3.5825,3.527375
2024-11-21 14:44:37,0.25,3.718,0.040125,3.755625,3.3973750000000003,3.268875,3.39675,3.58025,3.5303750000000003
